seed,family,structure,samples,queries,policy_risk
0,inventory_threshold,structured,100000,22944,8e-05
0,machine_replacement,structured,100000,22944,4e-05
0,admission_control,structured,100000,21838,5e-05
0,resource_allocation,structured,100000,22944,2e-05
0,random_structured,structured,100000,20004,4e-05
0,oscillatory_fragmented,unstructured,100000,22118,0.18522
1,inventory_threshold,structured,100000,22944,4e-05
1,machine_replacement,structured,100000,22944,6e-05
1,admission_control,structured,100000,21838,5e-05
1,resource_allocation,structured,100000,22944,3e-05
1,random_structured,structured,100000,22944,7e-05
1,oscillatory_fragmented,unstructured,100000,22118,0.1855
2,inventory_threshold,structured,100000,22944,5e-05
2,machine_replacement,structured,100000,22944,5e-05
2,admission_control,structured,100000,21838,6e-05
2,resource_allocation,structured,100000,22944,5e-05
2,random_structured,structured,100000,20438,2e-05
2,oscillatory_fragmented,unstructured,100000,22118,0.18542
3,inventory_threshold,structured,100000,22944,2e-05
3,machine_replacement,structured,100000,22944,6e-05
3,admission_control,structured,100000,21838,6e-05
3,resource_allocation,structured,100000,22944,2e-05
3,random_structured,structured,100000,20396,1e-05
3,oscillatory_fragmented,unstructured,100000,22118,0.18679
4,inventory_threshold,structured,100000,22944,3e-05
4,machine_replacement,structured,100000,22944,3e-05
4,admission_control,structured,100000,21838,9e-05
4,resource_allocation,structured,100000,22944,2e-05
4,random_structured,structured,100000,22356,2e-05
4,oscillatory_fragmented,unstructured,100000,22118,0.18705
5,inventory_threshold,structured,100000,22944,3e-05
5,machine_replacement,structured,100000,22944,2e-05
5,admission_control,structured,100000,21838,1e-05
5,resource_allocation,structured,100000,22944,3e-05
5,random_structured,structured,100000,18100,5e-05
5,oscillatory_fragmented,unstructured,100000,22118,0.18697
6,inventory_threshold,structured,100000,22944,2e-05
6,machine_replacement,structured,100000,22944,2e-05
6,admission_control,structured,100000,21838,3e-05
6,resource_allocation,structured,100000,22944,3e-05
6,random_structured,structured,100000,19052,5e-05
6,oscillatory_fragmented,unstructured,100000,22118,0.18412
7,inventory_threshold,structured,100000,22944,2e-05
7,machine_replacement,structured,100000,22944,2e-05
7,admission_control,structured,100000,21838,3e-05
7,resource_allocation,structured,100000,22944,2e-05
7,random_structured,structured,100000,17764,3e-05
7,oscillatory_fragmented,unstructured,100000,22118,0.18758
8,inventory_threshold,structured,100000,22944,4e-05
8,machine_replacement,structured,100000,22944,1e-05
8,admission_control,structured,100000,21838,4e-05
8,resource_allocation,structured,100000,22944,5e-05
8,random_structured,structured,100000,22944,4e-05
8,oscillatory_fragmented,unstructured,100000,22118,0.18671
9,inventory_threshold,structured,100000,22944,3e-05
9,machine_replacement,structured,100000,22944,1e-05
9,admission_control,structured,100000,21838,4e-05
9,resource_allocation,structured,100000,22944,2e-05
9,random_structured,structured,100000,20004,1e-05
9,oscillatory_fragmented,unstructured,100000,22118,0.18487
10,inventory_threshold,structured,100000,22944,7e-05
10,machine_replacement,structured,100000,22944,0.00012
10,admission_control,structured,100000,21838,5e-05
10,resource_allocation,structured,100000,22944,0.0
10,random_structured,structured,100000,18156,1e-05
10,oscillatory_fragmented,unstructured,100000,22118,0.18483
11,inventory_threshold,structured,100000,22944,4e-05
11,machine_replacement,structured,100000,22944,5e-05
11,admission_control,structured,100000,21838,5e-05
11,resource_allocation,structured,100000,22944,3e-05
11,random_structured,structured,100000,22944,3e-05
11,oscillatory_fragmented,unstructured,100000,22104,0.18587
12,inventory_threshold,structured,100000,22944,9e-05
12,machine_replacement,structured,100000,22944,3e-05
12,admission_control,structured,100000,21838,5e-05
12,resource_allocation,structured,100000,22944,6e-05
12,random_structured,structured,100000,20788,5e-05
12,oscillatory_fragmented,unstructured,100000,22118,0.18472
13,inventory_threshold,structured,100000,22944,5e-05
13,machine_replacement,structured,100000,22944,3e-05
13,admission_control,structured,100000,21838,1e-05
13,resource_allocation,structured,100000,22944,3e-05
13,random_structured,structured,100000,21012,2e-05
13,oscillatory_fragmented,unstructured,100000,22118,0.18585
14,inventory_threshold,structured,100000,22944,3e-05
14,machine_replacement,structured,100000,22944,4e-05
14,admission_control,structured,100000,21838,5e-05
14,resource_allocation,structured,100000,22944,1e-05
14,random_structured,structured,100000,20620,6e-05
14,oscillatory_fragmented,unstructured,100000,22104,0.18556
15,inventory_threshold,structured,100000,22944,5e-05
15,machine_replacement,structured,100000,22944,5e-05
15,admission_control,structured,100000,21838,5e-05
15,resource_allocation,structured,100000,22944,2e-05
15,random_structured,structured,100000,18268,4e-05
15,oscillatory_fragmented,unstructured,100000,22118,0.18361
16,inventory_threshold,structured,100000,22944,7e-05
16,machine_replacement,structured,100000,22944,4e-05
16,admission_control,structured,100000,21838,8e-05
16,resource_allocation,structured,100000,22944,3e-05
16,random_structured,structured,100000,20900,5e-05
16,oscillatory_fragmented,unstructured,100000,22104,0.18618
17,inventory_threshold,structured,100000,22944,2e-05
17,machine_replacement,structured,100000,22944,3e-05
17,admission_control,structured,100000,21824,5e-05
17,resource_allocation,structured,100000,22944,2e-05
17,random_structured,structured,100000,19836,5e-05
17,oscillatory_fragmented,unstructured,100000,22118,0.18773
18,inventory_threshold,structured,100000,22944,6e-05
18,machine_replacement,structured,100000,22944,6e-05
18,admission_control,structured,100000,21838,3e-05
18,resource_allocation,structured,100000,22944,5e-05
18,random_structured,structured,100000,22944,6e-05
18,oscillatory_fragmented,unstructured,100000,22118,0.18316
19,inventory_threshold,structured,100000,22944,5e-05
19,machine_replacement,structured,100000,22944,3e-05
19,admission_control,structured,100000,21838,4e-05
19,resource_allocation,structured,100000,22944,5e-05
19,random_structured,structured,100000,18408,3e-05
19,oscillatory_fragmented,unstructured,100000,22118,0.18547
20,inventory_threshold,structured,100000,22944,0.0001
20,machine_replacement,structured,100000,22944,3e-05
20,admission_control,structured,100000,21838,6e-05
20,resource_allocation,structured,100000,22944,0.0
20,random_structured,structured,100000,22188,2e-05
20,oscillatory_fragmented,unstructured,100000,22118,0.18728
21,inventory_threshold,structured,100000,22944,5e-05
21,machine_replacement,structured,100000,22944,4e-05
21,admission_control,structured,100000,21838,4e-05
21,resource_allocation,structured,100000,22944,1e-05
21,random_structured,structured,100000,22944,5e-05
21,oscillatory_fragmented,unstructured,100000,22104,0.18372
22,inventory_threshold,structured,100000,22944,5e-05
22,machine_replacement,structured,100000,22944,5e-05
22,admission_control,structured,100000,21838,5e-05
22,resource_allocation,structured,100000,22944,4e-05
22,random_structured,structured,100000,19836,4e-05
22,oscillatory_fragmented,unstructured,100000,22104,0.18733
23,inventory_threshold,structured,100000,22944,3e-05
23,machine_replacement,structured,100000,22944,5e-05
23,admission_control,structured,100000,21838,4e-05
23,resource_allocation,structured,100000,22944,3e-05
23,random_structured,structured,100000,22636,1e-05
23,oscillatory_fragmented,unstructured,100000,22104,0.18571
24,inventory_threshold,structured,100000,22944,4e-05
24,machine_replacement,structured,100000,22944,4e-05
24,admission_control,structured,100000,21838,5e-05
24,resource_allocation,structured,100000,22944,5e-05
24,random_structured,structured,100000,21404,5e-05
24,oscillatory_fragmented,unstructured,100000,22132,0.18682
25,inventory_threshold,structured,100000,22944,6e-05
25,machine_replacement,structured,100000,22944,4e-05
25,admission_control,structured,100000,21838,3e-05
25,resource_allocation,structured,100000,22944,0.0
25,random_structured,structured,100000,22944,4e-05
25,oscillatory_fragmented,unstructured,100000,22118,0.18586
26,inventory_threshold,structured,100000,22944,6e-05
26,machine_replacement,structured,100000,22944,6e-05
26,admission_control,structured,100000,21838,6e-05
26,resource_allocation,structured,100000,22944,1e-05
26,random_structured,structured,100000,17484,3e-05
26,oscillatory_fragmented,unstructured,100000,22118,0.18577
27,inventory_threshold,structured,100000,22944,3e-05
27,machine_replacement,structured,100000,22944,4e-05
27,admission_control,structured,100000,21838,5e-05
27,resource_allocation,structured,100000,22944,1e-05
27,random_structured,structured,100000,19332,5e-05
27,oscillatory_fragmented,unstructured,100000,22104,0.18428
28,inventory_threshold,structured,100000,22944,3e-05
28,machine_replacement,structured,100000,22944,5e-05
28,admission_control,structured,100000,21838,2e-05
28,resource_allocation,structured,100000,22944,6e-05
28,random_structured,structured,100000,20844,5e-05
28,oscillatory_fragmented,unstructured,100000,22104,0.18418
29,inventory_threshold,structured,100000,22944,5e-05
29,machine_replacement,structured,100000,22944,6e-05
29,admission_control,structured,100000,21838,4e-05
29,resource_allocation,structured,100000,22944,6e-05
29,random_structured,structured,100000,20844,1e-05
29,oscillatory_fragmented,unstructured,100000,22104,0.18539
