z,boundary,estimated_x,bisection_steps,queries,nominal_budget,actual_queries_total
-1.0,0,-0.20355224609375,14,16,100000,22944
-1.0,1,0.39642333984375,14,16,100000,22944
-1.0,2,0.99639892578125,14,16,100000,22944
-0.9916727410505062,0,-0.20623779296875,14,16,100000,22944
-0.9916727410505062,1,0.39373779296875,14,16,100000,22944
-0.9916727410505062,2,0.99383544921875,14,16,100000,22944
-0.9916317991631799,0,-0.20623779296875,14,16,100000,22944
-0.9916317991631799,1,0.39373779296875,14,16,100000,22944
-0.9916317991631799,2,0.99371337890625,14,16,100000,22944
-0.9832635983263598,0,-0.20892333984375,14,16,100000,22944
-0.9832635983263598,1,0.39117431640625,14,16,100000,22944
-0.9832635983263598,2,0.99114990234375,14,16,100000,22944
-0.9829914066704589,0,-0.20892333984375,14,16,100000,22944
-0.9829914066704589,1,0.39105224609375,14,16,100000,22944
-0.9829914066704589,2,0.99102783203125,14,16,100000,22944
-0.9748953974895398,0,-0.21148681640625,14,16,100000,22944
-0.9748953974895398,1,0.38848876953125,14,16,100000,22944
-0.9748953974895398,2,0.98846435546875,14,16,100000,22944
-0.9743439232677803,0,-0.21173095703125,14,16,100000,22944
-0.9743439232677803,1,0.38836669921875,14,16,100000,22944
-0.9743439232677803,2,0.98834228515625,14,16,100000,22944
-0.9665271966527197,0,-0.21417236328125,14,16,100000,22944
-0.9665271966527197,1,0.38580322265625,14,16,100000,22944
-0.9665271966527197,2,0.98590087890625,14,16,100000,22944
-0.9662951167490661,0,-0.21417236328125,14,16,100000,22944
-0.9662951167490661,1,0.38580322265625,14,16,100000,22944
-0.9662951167490661,2,0.98577880859375,14,16,100000,22944
-0.9581589958158996,0,-0.21673583984375,14,16,100000,22944
-0.9581589958158996,1,0.38323974609375,14,16,100000,22944
-0.9581589958158996,2,0.98321533203125,14,16,100000,22944
-0.957434002802815,0,-0.21697998046875,14,16,100000,22944
-0.957434002802815,1,0.38299560546875,14,16,100000,22944
-0.957434002802815,2,0.98297119140625,14,16,100000,22944
-0.9497907949790795,0,-0.21942138671875,14,16,100000,22944
-0.9497907949790795,1,0.38055419921875,14,16,100000,22944
-0.9497907949790795,2,0.98052978515625,14,16,100000,22944
-0.9495543246431947,0,-0.21954345703125,14,16,100000,22944
-0.9495543246431947,1,0.38043212890625,14,16,100000,22944
-0.9495543246431947,2,0.98052978515625,14,16,100000,22944
-0.9414958353524427,0,-0.22210693359375,14,16,100000,22944
-0.9414958353524427,1,0.37786865234375,14,16,100000,22944
-0.9414958353524427,2,0.97796630859375,14,16,100000,22944
-0.9414225941422594,0,-0.22210693359375,14,16,100000,22944
-0.9414225941422594,1,0.37786865234375,14,16,100000,22944
-0.9414225941422594,2,0.97784423828125,14,16,100000,22944
-0.9330543933054394,0,-0.22479248046875,14,16,100000,22944
-0.9330543933054394,1,0.37518310546875,14,16,100000,22944
-0.9330543933054394,2,0.97528076171875,14,16,100000,22944
-0.9316743875502376,0,-0.22515869140625,14,16,100000,22944
-0.9316743875502376,1,0.37481689453125,14,16,100000,22944
-0.9316743875502376,2,0.97479248046875,14,16,100000,22944
-0.9246861924686193,0,-0.22747802734375,14,16,100000,22944
-0.9246861924686193,1,0.37261962890625,14,16,100000,22944
-0.9246861924686193,2,0.97259521484375,14,16,100000,22944
-0.9234654144421831,0,-0.22784423828125,14,16,100000,22944
-0.9234654144421831,1,0.37213134765625,14,16,100000,22944
-0.9234654144421831,2,0.97222900390625,14,16,100000,22944
-0.9166541818893211,0,-0.23004150390625,14,16,100000,22944
-0.9166541818893211,1,0.37005615234375,14,16,100000,22944
-0.9166541818893211,2,0.97003173828125,14,16,100000,22944
-0.9163179916317992,0,-0.23004150390625,14,16,100000,22944
-0.9163179916317992,1,0.36993408203125,14,16,100000,22944
-0.9163179916317992,2,0.96990966796875,14,16,100000,22944
-0.9081427168856668,0,-0.23272705078125,14,16,100000,22944
-0.9081427168856668,1,0.36724853515625,14,16,100000,22944
-0.9081427168856668,2,0.96734619140625,14,16,100000,22944
-0.9079497907949791,0,-0.23272705078125,14,16,100000,22944
-0.9079497907949791,1,0.36724853515625,14,16,100000,22944
-0.9079497907949791,2,0.96722412109375,14,16,100000,22944
-0.8997525357321712,0,-0.23541259765625,14,16,100000,22944
-0.8997525357321712,1,0.36456298828125,14,16,100000,22944
-0.8997525357321712,2,0.96466064453125,14,16,100000,22944
-0.899581589958159,0,-0.23541259765625,14,16,100000,22944
-0.899581589958159,1,0.36456298828125,14,16,100000,22944
-0.899581589958159,2,0.96453857421875,14,16,100000,22944
-0.891213389121339,0,-0.23809814453125,14,16,100000,22944
-0.891213389121339,1,0.36187744140625,14,16,100000,22944
-0.891213389121339,2,0.96185302734375,14,16,100000,22944
-0.8907656249591346,0,-0.23834228515625,14,16,100000,22944
-0.8907656249591346,1,0.36175537109375,14,16,100000,22944
-0.8907656249591346,2,0.96173095703125,14,16,100000,22944
-0.8828451882845189,0,-0.24078369140625,14,16,100000,22944
-0.8828451882845189,1,0.35919189453125,14,16,100000,22944
-0.8828451882845189,2,0.95916748046875,14,16,100000,22944
-0.8825378624034319,0,-0.24090576171875,14,16,100000,22944
-0.8825378624034319,1,0.35906982421875,14,16,100000,22944
-0.8825378624034319,2,0.95904541015625,14,16,100000,22944
-0.8746133317094298,0,-0.24346923828125,14,16,100000,22944
-0.8746133317094298,1,0.35650634765625,14,16,100000,22944
-0.8746133317094298,2,0.95648193359375,14,16,100000,22944
-0.8744769874476988,0,-0.24359130859375,14,16,100000,22944
-0.8744769874476988,1,0.35650634765625,14,16,100000,22944
-0.8744769874476988,2,0.95648193359375,14,16,100000,22944
-0.866201535720255,0,-0.24615478515625,14,16,100000,22944
-0.866201535720255,1,0.35382080078125,14,16,100000,22944
-0.866201535720255,2,0.95379638671875,14,16,100000,22944
-0.8661087866108786,0,-0.24627685546875,14,16,100000,22944
-0.8661087866108786,1,0.35382080078125,14,16,100000,22944
-0.8661087866108786,2,0.95379638671875,14,16,100000,22944
-0.8577405857740585,0,-0.24896240234375,14,16,100000,22944
-0.8577405857740585,1,0.35101318359375,14,16,100000,22944
-0.8577405857740585,2,0.95111083984375,14,16,100000,22944
-0.8575736542859238,0,-0.24896240234375,14,16,100000,22944
-0.8575736542859238,1,0.35101318359375,14,16,100000,22944
-0.8575736542859238,2,0.95098876953125,14,16,100000,22944
-0.8493723849372385,0,-0.25164794921875,14,16,100000,22944
-0.8493723849372385,1,0.34832763671875,14,16,100000,22944
-0.8493723849372385,2,0.94830322265625,14,16,100000,22944
-0.8493635463273035,0,-0.25164794921875,14,16,100000,22944
-0.8493635463273035,1,0.34832763671875,14,16,100000,22944
-0.8493635463273035,2,0.94830322265625,14,16,100000,22944
-0.8410041841004184,0,-0.25433349609375,14,16,100000,22944
-0.8410041841004184,1,0.34564208984375,14,16,100000,22944
-0.8410041841004184,2,0.94561767578125,14,16,100000,22944
-0.8404949854905199,0,-0.25457763671875,14,16,100000,22944
-0.8404949854905199,1,0.34539794921875,14,16,100000,22944
-0.8404949854905199,2,0.94549560546875,14,16,100000,22944
-0.8326359832635983,0,-0.25714111328125,14,16,100000,22944
-0.8326359832635983,1,0.34283447265625,14,16,100000,22944
-0.8326359832635983,2,0.94293212890625,14,16,100000,22944
-0.8319481854030811,0,-0.25738525390625,14,16,100000,22944
-0.8319481854030811,1,0.34271240234375,14,16,100000,22944
-0.8319481854030811,2,0.94268798828125,14,16,100000,22944
-0.8242677824267782,0,-0.25982666015625,14,16,100000,22944
-0.8242677824267782,1,0.34014892578125,14,16,100000,22944
-0.8242677824267782,2,0.94012451171875,14,16,100000,22944
-0.8238846207583918,0,-0.25994873046875,14,16,100000,22944
-0.8238846207583918,1,0.34002685546875,14,16,100000,22944
-0.8238846207583918,2,0.94000244140625,14,16,100000,22944
-0.8161728078029077,0,-0.26251220703125,14,16,100000,22944
-0.8161728078029077,1,0.33746337890625,14,16,100000,22944
-0.8161728078029077,2,0.93743896484375,14,16,100000,22944
-0.8158995815899581,0,-0.26263427734375,14,16,100000,22944
-0.8158995815899581,1,0.33734130859375,14,16,100000,22944
-0.8158995815899581,2,0.93743896484375,14,16,100000,22944
-0.8075313807531381,0,-0.26531982421875,14,16,100000,22944
-0.8075313807531381,1,0.33465576171875,14,16,100000,22944
-0.8075313807531381,2,0.93463134765625,14,16,100000,22944
-0.8067551554195594,0,-0.26556396484375,14,16,100000,22944
-0.8067551554195594,1,0.33441162109375,14,16,100000,22944
-0.8067551554195594,2,0.93438720703125,14,16,100000,22944
-0.8001705448679766,0,-0.26776123046875,14,16,100000,22944
-0.8001705448679766,1,0.33221435546875,14,16,100000,22944
-0.8001705448679766,2,0.93218994140625,14,16,100000,22944
-0.799163179916318,0,-0.26812744140625,14,16,100000,22944
-0.799163179916318,1,0.33184814453125,14,16,100000,22944
-0.799163179916318,2,0.93194580078125,14,16,100000,22944
-0.7909931097413917,0,-0.27081298828125,14,16,100000,22944
-0.7909931097413917,1,0.32916259765625,14,16,100000,22944
-0.7909931097413917,2,0.92913818359375,14,16,100000,22944
-0.7907949790794979,0,-0.27093505859375,14,16,100000,22944
-0.7907949790794979,1,0.32916259765625,14,16,100000,22944
-0.7907949790794979,2,0.92913818359375,14,16,100000,22944
-0.782852864603295,0,-0.27349853515625,14,16,100000,22944
-0.782852864603295,1,0.32647705078125,14,16,100000,22944
-0.782852864603295,2,0.92645263671875,14,16,100000,22944
-0.7824267782426778,0,-0.27362060546875,14,16,100000,22944
-0.7824267782426778,1,0.32635498046875,14,16,100000,22944
-0.7824267782426778,2,0.92633056640625,14,16,100000,22944
-0.7740585774058577,0,-0.27642822265625,14,16,100000,22944
-0.7740585774058577,1,0.32354736328125,14,16,100000,22944
-0.7740585774058577,2,0.92352294921875,14,16,100000,22944
-0.7736504573239855,0,-0.27655029296875,14,16,100000,22944
-0.7736504573239855,1,0.32342529296875,14,16,100000,22944
-0.7736504573239855,2,0.92340087890625,14,16,100000,22944
-0.7658431241366926,0,-0.27923583984375,14,16,100000,22944
-0.7658431241366926,1,0.32086181640625,14,16,100000,22944
-0.7658431241366926,2,0.92083740234375,14,16,100000,22944
-0.7656903765690377,0,-0.27923583984375,14,16,100000,22944
-0.7656903765690377,1,0.32073974609375,14,16,100000,22944
-0.7656903765690377,2,0.92071533203125,14,16,100000,22944
-0.7580181716663997,0,-0.28179931640625,14,16,100000,22944
-0.7580181716663997,1,0.31817626953125,14,16,100000,22944
-0.7580181716663997,2,0.91815185546875,14,16,100000,22944
-0.7573221757322176,0,-0.28204345703125,14,16,100000,22944
-0.7573221757322176,1,0.31793212890625,14,16,100000,22944
-0.7573221757322176,2,0.91802978515625,14,16,100000,22944
-0.7490548259250317,0,-0.28485107421875,14,16,100000,22944
-0.7490548259250317,1,0.31524658203125,14,16,100000,22944
-0.7490548259250317,2,0.91522216796875,14,16,100000,22944
-0.7489539748953975,0,-0.28485107421875,14,16,100000,22944
-0.7489539748953975,1,0.31512451171875,14,16,100000,22944
-0.7489539748953975,2,0.91522216796875,14,16,100000,22944
-0.7405857740585775,0,-0.28765869140625,14,16,100000,22944
-0.7405857740585775,1,0.31231689453125,14,16,100000,22944
-0.7405857740585775,2,0.91229248046875,14,16,100000,22944
-0.7405043035080711,0,-0.28765869140625,14,16,100000,22944
-0.7405043035080711,1,0.31231689453125,14,16,100000,22944
-0.7405043035080711,2,0.91229248046875,14,16,100000,22944
-0.7330302069001908,0,-0.29022216796875,14,16,100000,22944
-0.7330302069001908,1,0.30975341796875,14,16,100000,22944
-0.7330302069001908,2,0.90985107421875,14,16,100000,22944
-0.7322175732217573,0,-0.29046630859375,14,16,100000,22944
-0.7322175732217573,1,0.30950927734375,14,16,100000,22944
-0.7322175732217573,2,0.90948486328125,14,16,100000,22944
-0.7244158937613008,0,-0.29315185546875,14,16,100000,22944
-0.7244158937613008,1,0.30682373046875,14,16,100000,22944
-0.7244158937613008,2,0.90692138671875,14,16,100000,22944
-0.7238493723849373,0,-0.29327392578125,14,16,100000,22944
-0.7238493723849373,1,0.30670166015625,14,16,100000,22944
-0.7238493723849373,2,0.90667724609375,14,16,100000,22944
-0.7165847428514898,0,-0.29583740234375,14,16,100000,22944
-0.7165847428514898,1,0.30426025390625,14,16,100000,22944
-0.7165847428514898,2,0.90423583984375,14,16,100000,22944
-0.7154811715481172,0,-0.29620361328125,14,16,100000,22944
-0.7154811715481172,1,0.30377197265625,14,16,100000,22944
-0.7154811715481172,2,0.90386962890625,14,16,100000,22944
-0.7071975379304641,0,-0.29901123046875,14,16,100000,22944
-0.7071975379304641,1,0.30096435546875,14,16,100000,22944
-0.7071975379304641,2,0.90106201171875,14,16,100000,22944
-0.7071129707112971,0,-0.29901123046875,14,16,100000,22944
-0.7071129707112971,1,0.30096435546875,14,16,100000,22944
-0.7071129707112971,2,0.90093994140625,14,16,100000,22944
-0.6987447698744771,0,-0.30194091796875,14,16,100000,22944
-0.6987447698744771,1,0.29815673828125,14,16,100000,22944
-0.6987447698744771,2,0.89813232421875,14,16,100000,22944
-0.6986908571472012,0,-0.30194091796875,14,16,100000,22944
-0.6986908571472012,1,0.29803466796875,14,16,100000,22944
-0.6986908571472012,2,0.89813232421875,14,16,100000,22944
-0.6903765690376569,0,-0.30474853515625,14,16,100000,22944
-0.6903765690376569,1,0.29522705078125,14,16,100000,22944
-0.6903765690376569,2,0.89520263671875,14,16,100000,22944
-0.6899977569748146,0,-0.30487060546875,14,16,100000,22944
-0.6899977569748146,1,0.29510498046875,14,16,100000,22944
-0.6899977569748146,2,0.89508056640625,14,16,100000,22944
-0.6820083682008369,0,-0.30767822265625,14,16,100000,22944
-0.6820083682008369,1,0.29229736328125,14,16,100000,22944
-0.6820083682008369,2,0.89239501953125,14,16,100000,22944
-0.6812401912098126,0,-0.30792236328125,14,16,100000,22944
-0.6812401912098126,1,0.29205322265625,14,16,100000,22944
-0.6812401912098126,2,0.89202880859375,14,16,100000,22944
-0.6736401673640168,0,-0.31060791015625,14,16,100000,22944
-0.6736401673640168,1,0.28948974609375,14,16,100000,22944
-0.6736401673640168,2,0.88946533203125,14,16,100000,22944
-0.6726578666239851,0,-0.31085205078125,14,16,100000,22944
-0.6726578666239851,1,0.28912353515625,14,16,100000,22944
-0.6726578666239851,2,0.88909912109375,14,16,100000,22944
-0.665598232556896,0,-0.31341552734375,14,16,100000,22944
-0.665598232556896,1,0.28668212890625,14,16,100000,22944
-0.665598232556896,2,0.88665771484375,14,16,100000,22944
-0.6652719665271967,0,-0.31353759765625,14,16,100000,22944
-0.6652719665271967,1,0.28656005859375,14,16,100000,22944
-0.6652719665271967,2,0.88653564453125,14,16,100000,22944
-0.6569281238000895,0,-0.31634521484375,14,16,100000,22944
-0.6569281238000895,1,0.28363037109375,14,16,100000,22944
-0.6569281238000895,2,0.88360595703125,14,16,100000,22944
-0.6569037656903767,0,-0.31634521484375,14,16,100000,22944
-0.6569037656903767,1,0.28363037109375,14,16,100000,22944
-0.6569037656903767,2,0.88360595703125,14,16,100000,22944
-0.6485355648535565,0,-0.31939697265625,14,16,100000,22944
-0.6485355648535565,1,0.28070068359375,14,16,100000,22944
-0.6485355648535565,2,0.88067626953125,14,16,100000,22944
-0.6485184063669865,0,-0.31939697265625,14,16,100000,22944
-0.6485184063669865,1,0.28070068359375,14,16,100000,22944
-0.6485184063669865,2,0.88067626953125,14,16,100000,22944
-0.6401673640167365,0,-0.32232666015625,14,16,100000,22944
-0.6401673640167365,1,0.27764892578125,14,16,100000,22944
-0.6401673640167365,2,0.87774658203125,14,16,100000,22944
-0.6393620735767199,0,-0.32257080078125,14,16,100000,22944
-0.6393620735767199,1,0.27740478515625,14,16,100000,22944
-0.6393620735767199,2,0.87738037109375,14,16,100000,22944
-0.6318008255291869,0,-0.32525634765625,14,16,100000,22944
-0.6318008255291869,1,0.27471923828125,14,16,100000,22944
-0.6318008255291869,2,0.87469482421875,14,16,100000,22944
-0.6317991631799164,0,-0.32525634765625,14,16,100000,22944
-0.6317991631799164,1,0.27471923828125,14,16,100000,22944
-0.6317991631799164,2,0.87469482421875,14,16,100000,22944
-0.623758108598433,0,-0.32806396484375,14,16,100000,22944
-0.623758108598433,1,0.27191162109375,14,16,100000,22944
-0.623758108598433,2,0.87188720703125,14,16,100000,22944
-0.6234309623430963,0,-0.32818603515625,14,16,100000,22944
-0.6234309623430963,1,0.27178955078125,14,16,100000,22944
-0.6234309623430963,2,0.87176513671875,14,16,100000,22944
-0.6150627615062763,0,-0.33123779296875,14,16,100000,22944
-0.6150627615062763,1,0.26873779296875,14,16,100000,22944
-0.6150627615062763,2,0.86883544921875,14,16,100000,22944
-0.6150329989160034,0,-0.33123779296875,14,16,100000,22944
-0.6150329989160034,1,0.26873779296875,14,16,100000,22944
-0.6150329989160034,2,0.86871337890625,14,16,100000,22944
-0.606694560669456,0,-0.33416748046875,14,16,100000,22944
-0.606694560669456,1,0.26580810546875,14,16,100000,22944
-0.606694560669456,2,0.86578369140625,14,16,100000,22944
-0.606478416504253,0,-0.33428955078125,14,16,100000,22944
-0.606478416504253,1,0.26568603515625,14,16,100000,22944
-0.606478416504253,2,0.86566162109375,14,16,100000,22944
-0.598326359832636,0,-0.33721923828125,14,16,100000,22944
-0.598326359832636,1,0.26275634765625,14,16,100000,22944
-0.598326359832636,2,0.86273193359375,14,16,100000,22944
-0.5979157830786375,0,-0.33734130859375,14,16,100000,22944
-0.5979157830786375,1,0.26263427734375,14,16,100000,22944
-0.5979157830786375,2,0.86260986328125,14,16,100000,22944
-0.5899581589958159,0,-0.34027099609375,14,16,100000,22944
-0.5899581589958159,1,0.25970458984375,14,16,100000,22944
-0.5899581589958159,2,0.85968017578125,14,16,100000,22944
-0.5893375104309022,0,-0.34051513671875,14,16,100000,22944
-0.5893375104309022,1,0.25946044921875,14,16,100000,22944
-0.5893375104309022,2,0.85955810546875,14,16,100000,22944
-0.5824764085880005,0,-0.34295654296875,14,16,100000,22944
-0.5824764085880005,1,0.25701904296875,14,16,100000,22944
-0.5824764085880005,2,0.85699462890625,14,16,100000,22944
-0.5815899581589958,0,-0.34332275390625,14,16,100000,22944
-0.5815899581589958,1,0.25665283203125,14,16,100000,22944
-0.5815899581589958,2,0.85662841796875,14,16,100000,22944
-0.5732217573221758,0,-0.34637451171875,14,16,100000,22944
-0.5732217573221758,1,0.25360107421875,14,16,100000,22944
-0.5732217573221758,2,0.85357666015625,14,16,100000,22944
-0.5728461424179518,0,-0.34649658203125,14,16,100000,22944
-0.5728461424179518,1,0.25347900390625,14,16,100000,22944
-0.5728461424179518,2,0.85345458984375,14,16,100000,22944
-0.5653147274828132,0,-0.34930419921875,14,16,100000,22944
-0.5653147274828132,1,0.25067138671875,14,16,100000,22944
-0.5653147274828132,2,0.85076904296875,14,16,100000,22944
-0.5648535564853556,0,-0.34942626953125,14,16,100000,22944
-0.5648535564853556,1,0.25054931640625,14,16,100000,22944
-0.5648535564853556,2,0.85052490234375,14,16,100000,22944
-0.5567233942845244,0,-0.35247802734375,14,16,100000,22944
-0.5567233942845244,1,0.24749755859375,14,16,100000,22944
-0.5567233942845244,2,0.84759521484375,14,16,100000,22944
-0.5564853556485356,0,-0.35260009765625,14,16,100000,22944
-0.5564853556485356,1,0.24749755859375,14,16,100000,22944
-0.5564853556485356,2,0.84747314453125,14,16,100000,22944
-0.5481171548117155,0,-0.35565185546875,14,16,100000,22944
-0.5481171548117155,1,0.24432373046875,14,16,100000,22944
-0.5481171548117155,2,0.84429931640625,14,16,100000,22944
-0.5477803672936132,0,-0.35577392578125,14,16,100000,22944
-0.5477803672936132,1,0.24420166015625,14,16,100000,22944
-0.5477803672936132,2,0.84417724609375,14,16,100000,22944
-0.5397489539748954,0,-0.35882568359375,14,16,100000,22944
-0.5397489539748954,1,0.24127197265625,14,16,100000,22944
-0.5397489539748954,2,0.84124755859375,14,16,100000,22944
-0.5392002441113473,0,-0.35894775390625,14,16,100000,22944
-0.5392002441113473,1,0.24102783203125,14,16,100000,22944
-0.5392002441113473,2,0.84100341796875,14,16,100000,22944
-0.5313807531380754,0,-0.36187744140625,14,16,100000,22944
-0.5313807531380754,1,0.23809814453125,14,16,100000,22944
-0.5313807531380754,2,0.83807373046875,14,16,100000,22944
-0.5311111814708818,0,-0.36199951171875,14,16,100000,22944
-0.5311111814708818,1,0.23797607421875,14,16,100000,22944
-0.5311111814708818,2,0.83795166015625,14,16,100000,22944
-0.5234280037101274,0,-0.36492919921875,14,16,100000,22944
-0.5234280037101274,1,0.23504638671875,14,16,100000,22944
-0.5234280037101274,2,0.83514404296875,14,16,100000,22944
-0.5230125523012552,0,-0.36505126953125,14,16,100000,22944
-0.5230125523012552,1,0.23492431640625,14,16,100000,22944
-0.5230125523012552,2,0.83489990234375,14,16,100000,22944
-0.5146443514644352,0,-0.36822509765625,14,16,100000,22944
-0.5146443514644352,1,0.23175048828125,14,16,100000,22944
-0.5146443514644352,2,0.83172607421875,14,16,100000,22944
-0.5143872376750346,0,-0.36834716796875,14,16,100000,22944
-0.5143872376750346,1,0.23162841796875,14,16,100000,22944
-0.5143872376750346,2,0.83160400390625,14,16,100000,22944
-0.5062761506276151,0,-0.37139892578125,14,16,100000,22944
-0.5062761506276151,1,0.22857666015625,14,16,100000,22944
-0.5062761506276151,2,0.82855224609375,14,16,100000,22944
-0.5058927703616442,0,-0.37164306640625,14,16,100000,22944
-0.5058927703616442,1,0.22845458984375,14,16,100000,22944
-0.5058927703616442,2,0.82843017578125,14,16,100000,22944
-0.497907949790795,0,-0.37469482421875,14,16,100000,22944
-0.497907949790795,1,0.22540283203125,14,16,100000,22944
-0.497907949790795,2,0.82537841796875,14,16,100000,22944
-0.4969353663229596,0,-0.37506103515625,14,16,100000,22944
-0.4969353663229596,1,0.22503662109375,14,16,100000,22944
-0.4969353663229596,2,0.82501220703125,14,16,100000,22944
-0.4895397489539749,0,-0.37786865234375,14,16,100000,22944
-0.4895397489539749,1,0.22210693359375,14,16,100000,22944
-0.4895397489539749,2,0.82208251953125,14,16,100000,22944
-0.48941312797447745,0,-0.37786865234375,14,16,100000,22944
-0.48941312797447745,1,0.22210693359375,14,16,100000,22944
-0.48941312797447745,2,0.82208251953125,14,16,100000,22944
-0.4811715481171549,0,-0.38116455078125,14,16,100000,22944
-0.4811715481171549,1,0.21893310546875,14,16,100000,22944
-0.4811715481171549,2,0.81890869140625,14,16,100000,22944
-0.4809446303108339,0,-0.38116455078125,14,16,100000,22944
-0.4809446303108339,1,0.21881103515625,14,16,100000,22944
-0.4809446303108339,2,0.81878662109375,14,16,100000,22944
-0.4735292602194118,0,-0.38409423828125,14,16,100000,22944
-0.4735292602194118,1,0.21588134765625,14,16,100000,22944
-0.4735292602194118,2,0.81585693359375,14,16,100000,22944
-0.4728033472803348,0,-0.38433837890625,14,16,100000,22944
-0.4728033472803348,1,0.21563720703125,14,16,100000,22944
-0.4728033472803348,2,0.81561279296875,14,16,100000,22944
-0.46446795882512476,0,-0.38763427734375,14,16,100000,22944
-0.46446795882512476,1,0.21234130859375,14,16,100000,22944
-0.46446795882512476,2,0.81231689453125,14,16,100000,22944
-0.4644351464435147,0,-0.38763427734375,14,16,100000,22944
-0.4644351464435147,1,0.21234130859375,14,16,100000,22944
-0.4644351464435147,2,0.81231689453125,14,16,100000,22944
-0.4562606142360185,0,-0.39093017578125,14,16,100000,22944
-0.4562606142360185,1,0.20916748046875,14,16,100000,22944
-0.4562606142360185,2,0.80914306640625,14,16,100000,22944
-0.4560669456066946,0,-0.39093017578125,14,16,100000,22944
-0.4560669456066946,1,0.20904541015625,14,16,100000,22944
-0.4560669456066946,2,0.80902099609375,14,16,100000,22944
-0.4480987606459944,0,-0.39410400390625,14,16,100000,22944
-0.4480987606459944,1,0.20587158203125,14,16,100000,22944
-0.4480987606459944,2,0.80584716796875,14,16,100000,22944
-0.4476987447698745,0,-0.39422607421875,14,16,100000,22944
-0.4476987447698745,1,0.20574951171875,14,16,100000,22944
-0.4476987447698745,2,0.80572509765625,14,16,100000,22944
-0.43950587920281003,0,-0.39752197265625,14,16,100000,22944
-0.43950587920281003,1,0.20245361328125,14,16,100000,22944
-0.43950587920281003,2,0.80242919921875,14,16,100000,22944
-0.4393305439330545,0,-0.39764404296875,14,16,100000,22944
-0.4393305439330545,1,0.20233154296875,14,16,100000,22944
-0.4393305439330545,2,0.80242919921875,14,16,100000,22944
-0.4309623430962344,0,-0.40093994140625,14,16,100000,22944
-0.4309623430962344,1,0.19903564453125,14,16,100000,22944
-0.4309623430962344,2,0.79901123046875,14,16,100000,22944
-0.43084681229431926,0,-0.40106201171875,14,16,100000,22944
-0.43084681229431926,1,0.19891357421875,14,16,100000,22944
-0.43084681229431926,2,0.79901123046875,14,16,100000,22944
-0.42301303306224924,0,-0.40423583984375,14,16,100000,22944
-0.42301303306224924,1,0.19586181640625,14,16,100000,22944
-0.42301303306224924,2,0.79583740234375,14,16,100000,22944
-0.4225941422594143,0,-0.40435791015625,14,16,100000,22944
-0.4225941422594143,1,0.19561767578125,14,16,100000,22944
-0.4225941422594143,2,0.79559326171875,14,16,100000,22944
-0.41422594142259417,0,-0.40777587890625,14,16,100000,22944
-0.41422594142259417,1,0.19219970703125,14,16,100000,22944
-0.41422594142259417,2,0.79217529296875,14,16,100000,22944
-0.4140474929610606,0,-0.40789794921875,14,16,100000,22944
-0.4140474929610606,1,0.19219970703125,14,16,100000,22944
-0.4140474929610606,2,0.79217529296875,14,16,100000,22944
-0.40590601042638147,0,-0.41119384765625,14,16,100000,22944
-0.40590601042638147,1,0.18878173828125,14,16,100000,22944
-0.40590601042638147,2,0.78887939453125,14,16,100000,22944
-0.40585774058577406,0,-0.41119384765625,14,16,100000,22944
-0.40585774058577406,1,0.18878173828125,14,16,100000,22944
-0.40585774058577406,2,0.78875732421875,14,16,100000,22944
-0.39748953974895407,0,-0.41461181640625,14,16,100000,22944
-0.39748953974895407,1,0.18536376953125,14,16,100000,22944
-0.39748953974895407,2,0.78533935546875,14,16,100000,22944
-0.397442775125283,0,-0.41461181640625,14,16,100000,22944
-0.397442775125283,1,0.18536376953125,14,16,100000,22944
-0.397442775125283,2,0.78533935546875,14,16,100000,22944
-0.38912133891213396,0,-0.41815185546875,14,16,100000,22944
-0.38912133891213396,1,0.18194580078125,14,16,100000,22944
-0.38912133891213396,2,0.78192138671875,14,16,100000,22944
-0.3888649128856008,0,-0.41815185546875,14,16,100000,22944
-0.3888649128856008,1,0.18182373046875,14,16,100000,22944
-0.3888649128856008,2,0.78179931640625,14,16,100000,22944
-0.38075313807531386,0,-0.42156982421875,14,16,100000,22944
-0.38075313807531386,1,0.17840576171875,14,16,100000,22944
-0.38075313807531386,2,0.77838134765625,14,16,100000,22944
-0.3797696942956966,0,-0.42193603515625,14,16,100000,22944
-0.3797696942956966,1,0.17803955078125,14,16,100000,22944
-0.3797696942956966,2,0.77801513671875,14,16,100000,22944
-0.37238493723849375,0,-0.42510986328125,14,16,100000,22944
-0.37238493723849375,1,0.17486572265625,14,16,100000,22944
-0.37238493723849375,2,0.77496337890625,14,16,100000,22944
-0.3721650823019779,0,-0.42523193359375,14,16,100000,22944
-0.3721650823019779,1,0.17486572265625,14,16,100000,22944
-0.3721650823019779,2,0.77484130859375,14,16,100000,22944
-0.36401673640167365,0,-0.42864990234375,14,16,100000,22944
-0.36401673640167365,1,0.17144775390625,14,16,100000,22944
-0.36401673640167365,2,0.77142333984375,14,16,100000,22944
-0.3633750336910906,0,-0.42889404296875,14,16,100000,22944
-0.3633750336910906,1,0.17108154296875,14,16,100000,22944
-0.3633750336910906,2,0.77117919921875,14,16,100000,22944
-0.35564853556485365,0,-0.43218994140625,14,16,100000,22944
-0.35564853556485365,1,0.16778564453125,14,16,100000,22944
-0.35564853556485365,2,0.76788330078125,14,16,100000,22944
-0.3551739780584331,0,-0.43231201171875,14,16,100000,22944
-0.3551739780584331,1,0.16766357421875,14,16,100000,22944
-0.3551739780584331,2,0.76763916015625,14,16,100000,22944
-0.34734024977080197,0,-0.43572998046875,14,16,100000,22944
-0.34734024977080197,1,0.16424560546875,14,16,100000,22944
-0.34734024977080197,2,0.76434326171875,14,16,100000,22944
-0.34728033472803355,0,-0.43572998046875,14,16,100000,22944
-0.34728033472803355,1,0.16424560546875,14,16,100000,22944
-0.34728033472803355,2,0.76422119140625,14,16,100000,22944
-0.33957035549015474,0,-0.43902587890625,14,16,100000,22944
-0.33957035549015474,1,0.16094970703125,14,16,100000,22944
-0.33957035549015474,2,0.76092529296875,14,16,100000,22944
-0.33891213389121344,0,-0.43927001953125,14,16,100000,22944
-0.33891213389121344,1,0.16070556640625,14,16,100000,22944
-0.33891213389121344,2,0.76068115234375,14,16,100000,22944
-0.3305618686817567,0,-0.44293212890625,14,16,100000,22944
-0.3305618686817567,1,0.15704345703125,14,16,100000,22944
-0.3305618686817567,2,0.75701904296875,14,16,100000,22944
-0.33054393305439334,0,-0.44293212890625,14,16,100000,22944
-0.33054393305439334,1,0.15704345703125,14,16,100000,22944
-0.33054393305439334,2,0.75701904296875,14,16,100000,22944
-0.3240270662161716,0,-0.44573974609375,14,16,100000,22944
-0.3240270662161716,1,0.15423583984375,14,16,100000,22944
-0.3240270662161716,2,0.75421142578125,14,16,100000,22944
-0.32217573221757323,0,-0.44659423828125,14,16,100000,22944
-0.32217573221757323,1,0.15338134765625,14,16,100000,22944
-0.32217573221757323,2,0.75347900390625,14,16,100000,22944
-0.31380753138075324,0,-0.45025634765625,14,16,100000,22944
-0.31380753138075324,1,0.14984130859375,14,16,100000,22944
-0.31380753138075324,2,0.74981689453125,14,16,100000,22944
-0.3134894874729591,0,-0.45037841796875,14,16,100000,22944
-0.3134894874729591,1,0.14959716796875,14,16,100000,22944
-0.3134894874729591,2,0.74969482421875,14,16,100000,22944
-0.30543933054393313,0,-0.45391845703125,14,16,100000,22944
-0.30543933054393313,1,0.14605712890625,14,16,100000,22944
-0.30543933054393313,2,0.74615478515625,14,16,100000,22944
-0.30386831961290284,0,-0.45452880859375,14,16,100000,22944
-0.30386831961290284,1,0.14544677734375,14,16,100000,22944
-0.30386831961290284,2,0.74542236328125,14,16,100000,22944
-0.297071129707113,0,-0.45758056640625,14,16,100000,22944
-0.297071129707113,1,0.14239501953125,14,16,100000,22944
-0.297071129707113,2,0.74237060546875,14,16,100000,22944
-0.29686111514754493,0,-0.45770263671875,14,16,100000,22944
-0.29686111514754493,1,0.14227294921875,14,16,100000,22944
-0.29686111514754493,2,0.74237060546875,14,16,100000,22944
-0.28890455930879017,0,-0.46124267578125,14,16,100000,22944
-0.28890455930879017,1,0.13873291015625,14,16,100000,22944
-0.28890455930879017,2,0.73883056640625,14,16,100000,22944
-0.2887029288702929,0,-0.46136474609375,14,16,100000,22944
-0.2887029288702929,1,0.13873291015625,14,16,100000,22944
-0.2887029288702929,2,0.73870849609375,14,16,100000,22944
-0.2803347280334728,0,-0.46502685546875,14,16,100000,22944
-0.2803347280334728,1,0.13494873046875,14,16,100000,22944
-0.2803347280334728,2,0.73492431640625,14,16,100000,22944
-0.27902259465398527,0,-0.46563720703125,14,16,100000,22944
-0.27902259465398527,1,0.13433837890625,14,16,100000,22944
-0.27902259465398527,2,0.73431396484375,14,16,100000,22944
-0.2719665271966528,0,-0.46881103515625,14,16,100000,22944
-0.2719665271966528,1,0.13116455078125,14,16,100000,22944
-0.2719665271966528,2,0.73114013671875,14,16,100000,22944
-0.2712625280118477,0,-0.46917724609375,14,16,100000,22944
-0.2712625280118477,1,0.13092041015625,14,16,100000,22944
-0.2712625280118477,2,0.73089599609375,14,16,100000,22944
-0.2645012199880079,0,-0.47222900390625,14,16,100000,22944
-0.2645012199880079,1,0.12786865234375,14,16,100000,22944
-0.2645012199880079,2,0.72784423828125,14,16,100000,22944
-0.2635983263598327,0,-0.47259521484375,14,16,100000,22944
-0.2635983263598327,1,0.12738037109375,14,16,100000,22944
-0.2635983263598327,2,0.72735595703125,14,16,100000,22944
-0.2552301255230126,0,-0.47637939453125,14,16,100000,22944
-0.2552301255230126,1,0.12359619140625,14,16,100000,22944
-0.2552301255230126,2,0.72357177734375,14,16,100000,22944
-0.255088561626443,0,-0.47650146484375,14,16,100000,22944
-0.255088561626443,1,0.12347412109375,14,16,100000,22944
-0.255088561626443,2,0.72357177734375,14,16,100000,22944
-0.2468908007364471,0,-0.48016357421875,14,16,100000,22944
-0.2468908007364471,1,0.11981201171875,14,16,100000,22944
-0.2468908007364471,2,0.71978759765625,14,16,100000,22944
-0.2468619246861925,0,-0.48028564453125,14,16,100000,22944
-0.2468619246861925,1,0.11981201171875,14,16,100000,22944
-0.2468619246861925,2,0.71978759765625,14,16,100000,22944
-0.2384937238493724,0,-0.48406982421875,14,16,100000,22944
-0.2384937238493724,1,0.11590576171875,14,16,100000,22944
-0.2384937238493724,2,0.71588134765625,14,16,100000,22944
-0.2380363653307326,0,-0.48431396484375,14,16,100000,22944
-0.2380363653307326,1,0.11566162109375,14,16,100000,22944
-0.2380363653307326,2,0.71575927734375,14,16,100000,22944
-0.23027310324857517,0,-0.48785400390625,14,16,100000,22944
-0.23027310324857517,1,0.11212158203125,14,16,100000,22944
-0.23027310324857517,2,0.71209716796875,14,16,100000,22944
-0.2301255230125524,0,-0.48797607421875,14,16,100000,22944
-0.2301255230125524,1,0.11212158203125,14,16,100000,22944
-0.2301255230125524,2,0.71209716796875,14,16,100000,22944
-0.22208744298083571,0,-0.49163818359375,14,16,100000,22944
-0.22208744298083571,1,0.10833740234375,14,16,100000,22944
-0.22208744298083571,2,0.70831298828125,14,16,100000,22944
-0.2217573221757323,0,-0.49176025390625,14,16,100000,22944
-0.2217573221757323,1,0.10821533203125,14,16,100000,22944
-0.2217573221757323,2,0.70819091796875,14,16,100000,22944
-0.21344000109738726,0,-0.49566650390625,14,16,100000,22944
-0.21344000109738726,1,0.10430908203125,14,16,100000,22944
-0.21344000109738726,2,0.70428466796875,14,16,100000,22944
-0.2133891213389122,0,-0.49566650390625,14,16,100000,22944
-0.2133891213389122,1,0.10430908203125,14,16,100000,22944
-0.2133891213389122,2,0.70428466796875,14,16,100000,22944
-0.20502092050209209,0,-0.49969482421875,14,16,100000,22944
-0.20502092050209209,1,0.10040283203125,14,16,100000,22944
-0.20502092050209209,2,0.70037841796875,14,16,100000,22944
-0.20453320518117804,0,-0.49981689453125,14,16,100000,22944
-0.20453320518117804,1,0.10015869140625,14,16,100000,22944
-0.20453320518117804,2,0.70013427734375,14,16,100000,22944
-0.1966527196652721,0,-0.50360107421875,14,16,100000,22944
-0.1966527196652721,1,0.09637451171875,14,16,100000,22944
-0.1966527196652721,2,0.69647216796875,14,16,100000,22944
-0.19600732260223847,0,-0.50384521484375,14,16,100000,22944
-0.19600732260223847,1,0.09613037109375,14,16,100000,22944
-0.19600732260223847,2,0.69610595703125,14,16,100000,22944
-0.18874685257322252,0,-0.50726318359375,14,16,100000,22944
-0.18874685257322252,1,0.09271240234375,14,16,100000,22944
-0.18874685257322252,2,0.69268798828125,14,16,100000,22944
-0.18828451882845199,0,-0.50750732421875,14,16,100000,22944
-0.18828451882845199,1,0.09246826171875,14,16,100000,22944
-0.18828451882845199,2,0.69244384765625,14,16,100000,22944
-0.17991631799163188,0,-0.51153564453125,14,16,100000,22944
-0.17991631799163188,1,0.08843994140625,14,16,100000,22944
-0.17991631799163188,2,0.68853759765625,14,16,100000,22944
-0.17976927511074398,0,-0.51153564453125,14,16,100000,22944
-0.17976927511074398,1,0.08843994140625,14,16,100000,22944
-0.17976927511074398,2,0.68841552734375,14,16,100000,22944
-0.17157501825846888,0,-0.51544189453125,14,16,100000,22944
-0.17157501825846888,1,0.08453369140625,14,16,100000,22944
-0.17157501825846888,2,0.68450927734375,14,16,100000,22944
-0.17154811715481177,0,-0.51556396484375,14,16,100000,22944
-0.17154811715481177,1,0.08453369140625,14,16,100000,22944
-0.17154811715481177,2,0.68450927734375,14,16,100000,22944
-0.16321952916543203,0,-0.51947021484375,14,16,100000,22944
-0.16321952916543203,1,0.08050537109375,14,16,100000,22944
-0.16321952916543203,2,0.68048095703125,14,16,100000,22944
-0.16317991631799167,0,-0.51947021484375,14,16,100000,22944
-0.16317991631799167,1,0.08050537109375,14,16,100000,22944
-0.16317991631799167,2,0.68048095703125,14,16,100000,22944
-0.15481171548117167,0,-0.52349853515625,14,16,100000,22944
-0.15481171548117167,1,0.07647705078125,14,16,100000,22944
-0.15481171548117167,2,0.67645263671875,14,16,100000,22944
-0.15418607829112574,0,-0.52386474609375,14,16,100000,22944
-0.15418607829112574,1,0.07611083984375,14,16,100000,22944
-0.15418607829112574,2,0.67620849609375,14,16,100000,22944
-0.14644351464435157,0,-0.52764892578125,14,16,100000,22944
-0.14644351464435157,1,0.07244873046875,14,16,100000,22944
-0.14644351464435157,2,0.67242431640625,14,16,100000,22944
-0.14514223730620765,0,-0.52825927734375,14,16,100000,22944
-0.14514223730620765,1,0.07183837890625,14,16,100000,22944
-0.14514223730620765,2,0.67181396484375,14,16,100000,22944
-0.13872303423363608,0,-0.53131103515625,14,16,100000,22944
-0.13872303423363608,1,0.06866455078125,14,16,100000,22944
-0.13872303423363608,2,0.66864013671875,14,16,100000,22944
-0.13807531380753146,0,-0.53167724609375,14,16,100000,22944
-0.13807531380753146,1,0.06829833984375,14,16,100000,22944
-0.13807531380753146,2,0.66839599609375,14,16,100000,22944
-0.12970711297071136,0,-0.53570556640625,14,16,100000,22944
-0.12970711297071136,1,0.06427001953125,14,16,100000,22944
-0.12970711297071136,2,0.66424560546875,14,16,100000,22944
-0.12939527528889821,0,-0.53582763671875,14,16,100000,22944
-0.12939527528889821,1,0.06414794921875,14,16,100000,22944
-0.12939527528889821,2,0.66412353515625,14,16,100000,22944
-0.12221318866862403,0,-0.53936767578125,14,16,100000,22944
-0.12221318866862403,1,0.06060791015625,14,16,100000,22944
-0.12221318866862403,2,0.66058349609375,14,16,100000,22944
-0.12133891213389125,0,-0.53985595703125,14,16,100000,22944
-0.12133891213389125,1,0.06024169921875,14,16,100000,22944
-0.12133891213389125,2,0.66021728515625,14,16,100000,22944
-0.11297071129707126,0,-0.54388427734375,14,16,100000,22944
-0.11297071129707126,1,0.05609130859375,14,16,100000,22944
-0.11297071129707126,2,0.65606689453125,14,16,100000,22944
-0.11274391776944147,0,-0.54400634765625,14,16,100000,22944
-0.11274391776944147,1,0.05596923828125,14,16,100000,22944
-0.11274391776944147,2,0.65594482421875,14,16,100000,22944
-0.10460251046025115,0,-0.54803466796875,14,16,100000,22944
-0.10460251046025115,1,0.05194091796875,14,16,100000,22944
-0.10460251046025115,2,0.65203857421875,14,16,100000,22944
-0.1042471010974794,0,-0.54815673828125,14,16,100000,22944
-0.1042471010974794,1,0.05181884765625,14,16,100000,22944
-0.1042471010974794,2,0.65179443359375,14,16,100000,22944
-0.09623430962343105,0,-0.55206298828125,14,16,100000,22944
-0.09623430962343105,1,0.04791259765625,14,16,100000,22944
-0.09623430962343105,2,0.64788818359375,14,16,100000,22944
-0.09585054480759489,0,-0.55230712890625,14,16,100000,22944
-0.09585054480759489,1,0.04766845703125,14,16,100000,22944
-0.09585054480759489,2,0.64764404296875,14,16,100000,22944
-0.08883912822811349,0,-0.55572509765625,14,16,100000,22944
-0.08883912822811349,1,0.04425048828125,14,16,100000,22944
-0.08883912822811349,2,0.64422607421875,14,16,100000,22944
-0.08786610878661094,0,-0.55621337890625,14,16,100000,22944
-0.08786610878661094,1,0.04376220703125,14,16,100000,22944
-0.08786610878661094,2,0.64373779296875,14,16,100000,22944
-0.07962550676050116,0,-0.56036376953125,14,16,100000,22944
-0.07962550676050116,1,0.03973388671875,14,16,100000,22944
-0.07962550676050116,2,0.63970947265625,14,16,100000,22944
-0.07949790794979084,0,-0.56036376953125,14,16,100000,22944
-0.07949790794979084,1,0.03961181640625,14,16,100000,22944
-0.07949790794979084,2,0.63958740234375,14,16,100000,22944
-0.07182393858020528,0,-0.56414794921875,14,16,100000,22944
-0.07182393858020528,1,0.03582763671875,14,16,100000,22944
-0.07182393858020528,2,0.63580322265625,14,16,100000,22944
-0.07112970711297084,0,-0.56451416015625,14,16,100000,22944
-0.07112970711297084,1,0.03546142578125,14,16,100000,22944
-0.07112970711297084,2,0.63543701171875,14,16,100000,22944
-0.06307258403323404,0,-0.56854248046875,14,16,100000,22944
-0.06307258403323404,1,0.03143310546875,14,16,100000,22944
-0.06307258403323404,2,0.63153076171875,14,16,100000,22944
-0.06276150627615074,0,-0.56866455078125,14,16,100000,22944
-0.06276150627615074,1,0.03131103515625,14,16,100000,22944
-0.06276150627615074,2,0.63128662109375,14,16,100000,22944
-0.05439330543933063,0,-0.57281494140625,14,16,100000,22944
-0.05439330543933063,1,0.02716064453125,14,16,100000,22944
-0.05439330543933063,2,0.62713623046875,14,16,100000,22944
-0.05383727809508518,0,-0.57318115234375,14,16,100000,22944
-0.05383727809508518,1,0.02691650390625,14,16,100000,22944
-0.05383727809508518,2,0.62689208984375,14,16,100000,22944
-0.046025104602510525,0,-0.57696533203125,14,16,100000,22944
-0.046025104602510525,1,0.02301025390625,14,16,100000,22944
-0.046025104602510525,2,0.62298583984375,14,16,100000,22944
-0.045471197649262426,0,-0.57733154296875,14,16,100000,22944
-0.045471197649262426,1,0.02276611328125,14,16,100000,22944
-0.045471197649262426,2,0.62274169921875,14,16,100000,22944
-0.03773440864267012,0,-0.58111572265625,14,16,100000,22944
-0.03773440864267012,1,0.01885986328125,14,16,100000,22944
-0.03773440864267012,2,0.61883544921875,14,16,100000,22944
-0.03765690376569042,0,-0.58123779296875,14,16,100000,22944
-0.03765690376569042,1,0.01885986328125,14,16,100000,22944
-0.03765690376569042,2,0.61883544921875,14,16,100000,22944
-0.029288702928870425,0,-0.58538818359375,14,16,100000,22944
-0.029288702928870425,1,0.01458740234375,14,16,100000,22944
-0.029288702928870425,2,0.61468505859375,14,16,100000,22944
-0.028873181896490446,0,-0.58551025390625,14,16,100000,22944
-0.028873181896490446,1,0.01446533203125,14,16,100000,22944
-0.028873181896490446,2,0.61444091796875,14,16,100000,22944
-0.02092050209205032,0,-0.58953857421875,14,16,100000,22944
-0.02092050209205032,1,0.01043701171875,14,16,100000,22944
-0.02092050209205032,2,0.61041259765625,14,16,100000,22944
-0.020078077086376975,0,-0.58990478515625,14,16,100000,22944
-0.020078077086376975,1,0.01007080078125,14,16,100000,22944
-0.020078077086376975,2,0.61004638671875,14,16,100000,22944
-0.012552301255230214,0,-0.59368896484375,14,16,100000,22944
-0.012552301255230214,1,0.00628662109375,14,16,100000,22944
-0.012552301255230214,2,0.60626220703125,14,16,100000,22944
-0.01228221048503573,0,-0.59381103515625,14,16,100000,22944
-0.01228221048503573,1,0.00616455078125,14,16,100000,22944
-0.01228221048503573,2,0.60614013671875,14,16,100000,22944
-0.004229066643322352,0,-0.59783935546875,14,16,100000,22944
-0.004229066643322352,1,0.00213623046875,14,16,100000,22944
-0.004229066643322352,2,0.60211181640625,14,16,100000,22944
-0.004184100418410108,0,-0.59796142578125,14,16,100000,22944
-0.004184100418410108,1,0.00213623046875,14,16,100000,22944
-0.004184100418410108,2,0.60211181640625,14,16,100000,22944
0.004184100418409997,0,-0.60211181640625,14,16,100000,22944
0.004184100418409997,1,-0.00213623046875,14,16,100000,22944
0.004184100418409997,2,0.59796142578125,14,16,100000,22944
0.0050771819012360745,0,-0.60247802734375,14,16,100000,22944
0.0050771819012360745,1,-0.00250244140625,14,16,100000,22944
0.0050771819012360745,2,0.59747314453125,14,16,100000,22944
0.012552301255229992,0,-0.60626220703125,14,16,100000,22944
0.012552301255229992,1,-0.00628662109375,14,16,100000,22944
0.012552301255229992,2,0.59368896484375,14,16,100000,22944
0.013001615438971227,0,-0.60650634765625,14,16,100000,22944
0.013001615438971227,1,-0.00653076171875,14,16,100000,22944
0.013001615438971227,2,0.59344482421875,14,16,100000,22944
0.020379548626326755,0,-0.61016845703125,14,16,100000,22944
0.020379548626326755,1,-0.01019287109375,14,16,100000,22944
0.020379548626326755,2,0.58978271484375,14,16,100000,22944
0.02092050209205021,0,-0.61041259765625,14,16,100000,22944
0.02092050209205021,1,-0.01043701171875,14,16,100000,22944
0.02092050209205021,2,0.58953857421875,14,16,100000,22944
0.028471693810590594,0,-0.61419677734375,14,16,100000,22944
0.028471693810590594,1,-0.01422119140625,14,16,100000,22944
0.028471693810590594,2,0.58575439453125,14,16,100000,22944
0.029288702928870203,0,-0.61468505859375,14,16,100000,22944
0.029288702928870203,1,-0.01458740234375,14,16,100000,22944
0.029288702928870203,2,0.58538818359375,14,16,100000,22944
0.0376569037656902,0,-0.61883544921875,14,16,100000,22944
0.0376569037656902,1,-0.01885986328125,14,16,100000,22944
0.0376569037656902,2,0.58123779296875,14,16,100000,22944
0.037981189071678925,0,-0.61895751953125,14,16,100000,22944
0.037981189071678925,1,-0.01898193359375,14,16,100000,22944
0.037981189071678925,2,0.58099365234375,14,16,100000,22944
0.04582399556354184,0,-0.62286376953125,14,16,100000,22944
0.04582399556354184,1,-0.02288818359375,14,16,100000,22944
0.04582399556354184,2,0.57708740234375,14,16,100000,22944
0.046025104602510414,0,-0.62298583984375,14,16,100000,22944
0.046025104602510414,1,-0.02301025390625,14,16,100000,22944
0.046025104602510414,2,0.57696533203125,14,16,100000,22944
0.05439330543933041,0,-0.62713623046875,14,16,100000,22944
0.05439330543933041,1,-0.02716064453125,14,16,100000,22944
0.05439330543933041,2,0.57281494140625,14,16,100000,22944
0.05484595127372253,0,-0.62738037109375,14,16,100000,22944
0.05484595127372253,1,-0.02740478515625,14,16,100000,22944
0.05484595127372253,2,0.57257080078125,14,16,100000,22944
0.06220407531641988,0,-0.63104248046875,14,16,100000,22944
0.06220407531641988,1,-0.03106689453125,14,16,100000,22944
0.06220407531641988,2,0.56890869140625,14,16,100000,22944
0.06276150627615062,0,-0.63128662109375,14,16,100000,22944
0.06276150627615062,1,-0.03131103515625,14,16,100000,22944
0.06276150627615062,2,0.56866455078125,14,16,100000,22944
0.07004433475940905,0,-0.63494873046875,14,16,100000,22944
0.07004433475940905,1,-0.03497314453125,14,16,100000,22944
0.07004433475940905,2,0.56512451171875,14,16,100000,22944
0.07112970711297062,0,-0.63543701171875,14,16,100000,22944
0.07112970711297062,1,-0.03546142578125,14,16,100000,22944
0.07112970711297062,2,0.56451416015625,14,16,100000,22944
0.0792516649407338,0,-0.63946533203125,14,16,100000,22944
0.0792516649407338,1,-0.03948974609375,14,16,100000,22944
0.0792516649407338,2,0.56048583984375,14,16,100000,22944
0.07949790794979061,0,-0.63958740234375,14,16,100000,22944
0.07949790794979061,1,-0.03961181640625,14,16,100000,22944
0.07949790794979061,2,0.56036376953125,14,16,100000,22944
0.08786610878661083,0,-0.64373779296875,14,16,100000,22944
0.08786610878661083,1,-0.04376220703125,14,16,100000,22944
0.08786610878661083,2,0.55621337890625,14,16,100000,22944
0.08787483148742932,0,-0.64373779296875,14,16,100000,22944
0.08787483148742932,1,-0.04376220703125,14,16,100000,22944
0.08787483148742932,2,0.55621337890625,14,16,100000,22944
0.09593526451827934,0,-0.64776611328125,14,16,100000,22944
0.09593526451827934,1,-0.04779052734375,14,16,100000,22944
0.09593526451827934,2,0.55230712890625,14,16,100000,22944
0.09623430962343082,0,-0.64788818359375,14,16,100000,22944
0.09623430962343082,1,-0.04791259765625,14,16,100000,22944
0.09623430962343082,2,0.55206298828125,14,16,100000,22944
0.10460251046025104,0,-0.65203857421875,14,16,100000,22944
0.10460251046025104,1,-0.05194091796875,14,16,100000,22944
0.10460251046025104,2,0.54803466796875,14,16,100000,22944
0.1049601530445583,0,-0.65216064453125,14,16,100000,22944
0.1049601530445583,1,-0.05218505859375,14,16,100000,22944
0.1049601530445583,2,0.54779052734375,14,16,100000,22944
0.11297071129707104,0,-0.65606689453125,14,16,100000,22944
0.11297071129707104,1,-0.05609130859375,14,16,100000,22944
0.11297071129707104,2,0.54388427734375,14,16,100000,22944
0.11298490254233896,0,-0.65606689453125,14,16,100000,22944
0.11298490254233896,1,-0.05609130859375,14,16,100000,22944
0.11298490254233896,2,0.54388427734375,14,16,100000,22944
0.12133891213389103,0,-0.66021728515625,14,16,100000,22944
0.12133891213389103,1,-0.06024169921875,14,16,100000,22944
0.12133891213389103,2,0.53985595703125,14,16,100000,22944
0.12288400823344756,0,-0.66094970703125,14,16,100000,22944
0.12288400823344756,1,-0.06097412109375,14,16,100000,22944
0.12288400823344756,2,0.53900146484375,14,16,100000,22944
0.1288299963554072,0,-0.66387939453125,14,16,100000,22944
0.1288299963554072,1,-0.06390380859375,14,16,100000,22944
0.1288299963554072,2,0.53619384765625,14,16,100000,22944
0.12970711297071125,0,-0.66424560546875,14,16,100000,22944
0.12970711297071125,1,-0.06427001953125,14,16,100000,22944
0.12970711297071125,2,0.53570556640625,14,16,100000,22944
0.13807531380753124,0,-0.66839599609375,14,16,100000,22944
0.13807531380753124,1,-0.06829833984375,14,16,100000,22944
0.13807531380753124,2,0.53167724609375,14,16,100000,22944
0.13848308887628452,0,-0.66851806640625,14,16,100000,22944
0.13848308887628452,1,-0.06854248046875,14,16,100000,22944
0.13848308887628452,2,0.53143310546875,14,16,100000,22944
0.14644351464435146,0,-0.67242431640625,14,16,100000,22944
0.14644351464435146,1,-0.07244873046875,14,16,100000,22944
0.14644351464435146,2,0.52764892578125,14,16,100000,22944
0.14806917771038902,0,-0.67315673828125,14,16,100000,22944
0.14806917771038902,1,-0.07318115234375,14,16,100000,22944
0.14806917771038902,2,0.52679443359375,14,16,100000,22944
0.15481171548117145,0,-0.67645263671875,14,16,100000,22944
0.15481171548117145,1,-0.07647705078125,14,16,100000,22944
0.15481171548117145,2,0.52349853515625,14,16,100000,22944
0.15576136311758684,0,-0.67694091796875,14,16,100000,22944
0.15576136311758684,1,-0.07696533203125,14,16,100000,22944
0.15576136311758684,2,0.52313232421875,14,16,100000,22944
0.1630258118363098,0,-0.68035888671875,14,16,100000,22944
0.1630258118363098,1,-0.08038330078125,14,16,100000,22944
0.1630258118363098,2,0.51959228515625,14,16,100000,22944
0.16317991631799145,0,-0.68048095703125,14,16,100000,22944
0.16317991631799145,1,-0.08050537109375,14,16,100000,22944
0.16317991631799145,2,0.51947021484375,14,16,100000,22944
0.17154811715481166,0,-0.68450927734375,14,16,100000,22944
0.17154811715481166,1,-0.08453369140625,14,16,100000,22944
0.17154811715481166,2,0.51556396484375,14,16,100000,22944
0.1716577354672469,0,-0.68450927734375,14,16,100000,22944
0.1716577354672469,1,-0.08453369140625,14,16,100000,22944
0.1716577354672469,2,0.51544189453125,14,16,100000,22944
0.17991631799163166,0,-0.68853759765625,14,16,100000,22944
0.17991631799163166,1,-0.08843994140625,14,16,100000,22944
0.17991631799163166,2,0.51153564453125,14,16,100000,22944
0.18037481254929108,0,-0.68865966796875,14,16,100000,22944
0.18037481254929108,1,-0.08868408203125,14,16,100000,22944
0.18037481254929108,2,0.51129150390625,14,16,100000,22944
0.18828451882845187,0,-0.69244384765625,14,16,100000,22944
0.18828451882845187,1,-0.09246826171875,14,16,100000,22944
0.18828451882845187,2,0.50750732421875,14,16,100000,22944
0.188378798409919,0,-0.69244384765625,14,16,100000,22944
0.188378798409919,1,-0.09246826171875,14,16,100000,22944
0.188378798409919,2,0.50750732421875,14,16,100000,22944
0.19596716761507724,0,-0.69610595703125,14,16,100000,22944
0.19596716761507724,1,-0.09613037109375,14,16,100000,22944
0.19596716761507724,2,0.50396728515625,14,16,100000,22944
0.19665271966527187,0,-0.69647216796875,14,16,100000,22944
0.19665271966527187,1,-0.09637451171875,14,16,100000,22944
0.19665271966527187,2,0.50360107421875,14,16,100000,22944
0.20477704351559084,0,-0.70025634765625,14,16,100000,22944
0.20477704351559084,1,-0.10028076171875,14,16,100000,22944
0.20477704351559084,2,0.49981689453125,14,16,100000,22944
0.20502092050209186,0,-0.70037841796875,14,16,100000,22944
0.20502092050209186,1,-0.10040283203125,14,16,100000,22944
0.20502092050209186,2,0.49969482421875,14,16,100000,22944
0.21338912133891208,0,-0.70428466796875,14,16,100000,22944
0.21338912133891208,1,-0.10430908203125,14,16,100000,22944
0.21338912133891208,2,0.49566650390625,14,16,100000,22944
0.21487039389156057,0,-0.70501708984375,14,16,100000,22944
0.21487039389156057,1,-0.10491943359375,14,16,100000,22944
0.21487039389156057,2,0.49505615234375,14,16,100000,22944
0.22118336848247516,0,-0.70794677734375,14,16,100000,22944
0.22118336848247516,1,-0.10797119140625,14,16,100000,22944
0.22118336848247516,2,0.49212646484375,14,16,100000,22944
0.22175732217573207,0,-0.70819091796875,14,16,100000,22944
0.22175732217573207,1,-0.10821533203125,14,16,100000,22944
0.22175732217573207,2,0.49176025390625,14,16,100000,22944
0.22980164374181697,0,-0.71197509765625,14,16,100000,22944
0.22980164374181697,1,-0.11187744140625,14,16,100000,22944
0.22980164374181697,2,0.48809814453125,14,16,100000,22944
0.2301255230125523,0,-0.71209716796875,14,16,100000,22944
0.2301255230125523,1,-0.11212158203125,14,16,100000,22944
0.2301255230125523,2,0.48797607421875,14,16,100000,22944
0.23849372384937229,0,-0.71588134765625,14,16,100000,22944
0.23849372384937229,1,-0.11590576171875,14,16,100000,22944
0.23849372384937229,2,0.48406982421875,14,16,100000,22944
0.23893655315326806,0,-0.71612548828125,14,16,100000,22944
0.23893655315326806,1,-0.11614990234375,14,16,100000,22944
0.23893655315326806,2,0.48382568359375,14,16,100000,22944
0.24686192468619228,0,-0.71978759765625,14,16,100000,22944
0.24686192468619228,1,-0.11981201171875,14,16,100000,22944
0.24686192468619228,2,0.48028564453125,14,16,100000,22944
0.24732781259249123,0,-0.72003173828125,14,16,100000,22944
0.24732781259249123,1,-0.11993408203125,14,16,100000,22944
0.24732781259249123,2,0.48004150390625,14,16,100000,22944
0.2552301255230125,0,-0.72357177734375,14,16,100000,22944
0.2552301255230125,1,-0.12359619140625,14,16,100000,22944
0.2552301255230125,2,0.47637939453125,14,16,100000,22944
0.2560887708990664,0,-0.72393798828125,14,16,100000,22944
0.2560887708990664,1,-0.12396240234375,14,16,100000,22944
0.2560887708990664,2,0.47601318359375,14,16,100000,22944
0.2635983263598325,0,-0.72735595703125,14,16,100000,22944
0.2635983263598325,1,-0.12738037109375,14,16,100000,22944
0.2635983263598325,2,0.47259521484375,14,16,100000,22944
0.26381019513655934,0,-0.72747802734375,14,16,100000,22944
0.26381019513655934,1,-0.12750244140625,14,16,100000,22944
0.26381019513655934,2,0.47247314453125,14,16,100000,22944
0.2711425576803262,0,-0.73077392578125,14,16,100000,22944
0.2711425576803262,1,-0.13079833984375,14,16,100000,22944
0.2711425576803262,2,0.46917724609375,14,16,100000,22944
0.2719665271966527,0,-0.73114013671875,14,16,100000,22944
0.2719665271966527,1,-0.13116455078125,14,16,100000,22944
0.2719665271966527,2,0.46881103515625,14,16,100000,22944
0.28007621112338393,0,-0.73480224609375,14,16,100000,22944
0.28007621112338393,1,-0.13482666015625,14,16,100000,22944
0.28007621112338393,2,0.46514892578125,14,16,100000,22944
0.2803347280334727,0,-0.73492431640625,14,16,100000,22944
0.2803347280334727,1,-0.13494873046875,14,16,100000,22944
0.2803347280334727,2,0.46502685546875,14,16,100000,22944
0.2887029288702927,0,-0.73870849609375,14,16,100000,22944
0.2887029288702927,1,-0.13873291015625,14,16,100000,22944
0.2887029288702927,2,0.46136474609375,14,16,100000,22944
0.28903746116646506,0,-0.73883056640625,14,16,100000,22944
0.28903746116646506,1,-0.13885498046875,14,16,100000,22944
0.28903746116646506,2,0.46112060546875,14,16,100000,22944
0.2963542565601248,0,-0.74212646484375,14,16,100000,22944
0.2963542565601248,1,-0.14215087890625,14,16,100000,22944
0.2963542565601248,2,0.45794677734375,14,16,100000,22944
0.2970711297071129,0,-0.74237060546875,14,16,100000,22944
0.2970711297071129,1,-0.14239501953125,14,16,100000,22944
0.2970711297071129,2,0.45758056640625,14,16,100000,22944
0.3054393305439329,0,-0.74615478515625,14,16,100000,22944
0.3054393305439329,1,-0.14605712890625,14,16,100000,22944
0.3054393305439329,2,0.45391845703125,14,16,100000,22944
0.30559150840285004,0,-0.74615478515625,14,16,100000,22944
0.30559150840285004,1,-0.14617919921875,14,16,100000,22944
0.30559150840285004,2,0.45379638671875,14,16,100000,22944
0.3138075313807531,0,-0.74981689453125,14,16,100000,22944
0.3138075313807531,1,-0.14984130859375,14,16,100000,22944
0.3138075313807531,2,0.45025634765625,14,16,100000,22944
0.3140488123215638,0,-0.74993896484375,14,16,100000,22944
0.3140488123215638,1,-0.14984130859375,14,16,100000,22944
0.3140488123215638,2,0.45013427734375,14,16,100000,22944
0.3221757322175731,0,-0.75347900390625,14,16,100000,22944
0.3221757322175731,1,-0.15338134765625,14,16,100000,22944
0.3221757322175731,2,0.44659423828125,14,16,100000,22944
0.32233316652405786,0,-0.75347900390625,14,16,100000,22944
0.32233316652405786,1,-0.15350341796875,14,16,100000,22944
0.32233316652405786,2,0.44647216796875,14,16,100000,22944
0.3302840587445074,0,-0.75701904296875,14,16,100000,22944
0.3302840587445074,1,-0.15692138671875,14,16,100000,22944
0.3302840587445074,2,0.44305419921875,14,16,100000,22944
0.3305439330543931,0,-0.75701904296875,14,16,100000,22944
0.3305439330543931,1,-0.15704345703125,14,16,100000,22944
0.3305439330543931,2,0.44293212890625,14,16,100000,22944
0.33850347538855774,0,-0.76055908203125,14,16,100000,22944
0.33850347538855774,1,-0.16046142578125,14,16,100000,22944
0.33850347538855774,2,0.43951416015625,14,16,100000,22944
0.33891213389121333,0,-0.76068115234375,14,16,100000,22944
0.33891213389121333,1,-0.16070556640625,14,16,100000,22944
0.33891213389121333,2,0.43927001953125,14,16,100000,22944
0.34668538335107035,0,-0.76397705078125,14,16,100000,22944
0.34668538335107035,1,-0.16400146484375,14,16,100000,22944
0.34668538335107035,2,0.43597412109375,14,16,100000,22944
0.3472803347280333,0,-0.76422119140625,14,16,100000,22944
0.3472803347280333,1,-0.16424560546875,14,16,100000,22944
0.3472803347280333,2,0.43572998046875,14,16,100000,22944
0.35564853556485354,0,-0.76788330078125,14,16,100000,22944
0.35564853556485354,1,-0.16778564453125,14,16,100000,22944
0.35564853556485354,2,0.43218994140625,14,16,100000,22944
0.356299042997134,0,-0.76812744140625,14,16,100000,22944
0.356299042997134,1,-0.16815185546875,14,16,100000,22944
0.356299042997134,2,0.43182373046875,14,16,100000,22944
0.36401673640167354,0,-0.77142333984375,14,16,100000,22944
0.36401673640167354,1,-0.17144775390625,14,16,100000,22944
0.36401673640167354,2,0.42864990234375,14,16,100000,22944
0.3657457683718287,0,-0.77215576171875,14,16,100000,22944
0.3657457683718287,1,-0.17218017578125,14,16,100000,22944
0.3657457683718287,2,0.42791748046875,14,16,100000,22944
0.37147171897166975,0,-0.77447509765625,14,16,100000,22944
0.37147171897166975,1,-0.17449951171875,14,16,100000,22944
0.37147171897166975,2,0.42547607421875,14,16,100000,22944
0.37238493723849353,0,-0.77496337890625,14,16,100000,22944
0.37238493723849353,1,-0.17486572265625,14,16,100000,22944
0.37238493723849353,2,0.42510986328125,14,16,100000,22944
0.38075313807531375,0,-0.77838134765625,14,16,100000,22944
0.38075313807531375,1,-0.17840576171875,14,16,100000,22944
0.38075313807531375,2,0.42156982421875,14,16,100000,22944
0.38089048299767364,0,-0.77850341796875,14,16,100000,22944
0.38089048299767364,1,-0.17852783203125,14,16,100000,22944
0.38089048299767364,2,0.42156982421875,14,16,100000,22944
0.3889216893053467,0,-0.78179931640625,14,16,100000,22944
0.3889216893053467,1,-0.18182373046875,14,16,100000,22944
0.3889216893053467,2,0.41815185546875,14,16,100000,22944
0.38912133891213374,0,-0.78192138671875,14,16,100000,22944
0.38912133891213374,1,-0.18194580078125,14,16,100000,22944
0.38912133891213374,2,0.41815185546875,14,16,100000,22944
0.3973884323531325,0,-0.78533935546875,14,16,100000,22944
0.3973884323531325,1,-0.18536376953125,14,16,100000,22944
0.3973884323531325,2,0.41461181640625,14,16,100000,22944
0.39748953974895396,0,-0.78533935546875,14,16,100000,22944
0.39748953974895396,1,-0.18536376953125,14,16,100000,22944
0.39748953974895396,2,0.41461181640625,14,16,100000,22944
0.4056996575329484,0,-0.78875732421875,14,16,100000,22944
0.4056996575329484,1,-0.18878173828125,14,16,100000,22944
0.4056996575329484,2,0.41119384765625,14,16,100000,22944
0.40585774058577395,0,-0.78875732421875,14,16,100000,22944
0.40585774058577395,1,-0.18878173828125,14,16,100000,22944
0.40585774058577395,2,0.41119384765625,14,16,100000,22944
0.41422594142259395,0,-0.79217529296875,14,16,100000,22944
0.41422594142259395,1,-0.19219970703125,14,16,100000,22944
0.41422594142259395,2,0.40777587890625,14,16,100000,22944
0.4145228242589297,0,-0.79229736328125,14,16,100000,22944
0.4145228242589297,1,-0.19232177734375,14,16,100000,22944
0.4145228242589297,2,0.40765380859375,14,16,100000,22944
0.42162962805411525,0,-0.79522705078125,14,16,100000,22944
0.42162962805411525,1,-0.19525146484375,14,16,100000,22944
0.42162962805411525,2,0.40472412109375,14,16,100000,22944
0.42259414225941416,0,-0.79559326171875,14,16,100000,22944
0.42259414225941416,1,-0.19561767578125,14,16,100000,22944
0.42259414225941416,2,0.40435791015625,14,16,100000,22944
0.43096234309623416,0,-0.79901123046875,14,16,100000,22944
0.43096234309623416,1,-0.19903564453125,14,16,100000,22944
0.43096234309623416,2,0.40093994140625,14,16,100000,22944
0.43154684593383347,0,-0.79925537109375,14,16,100000,22944
0.43154684593383347,1,-0.19927978515625,14,16,100000,22944
0.43154684593383347,2,0.40069580078125,14,16,100000,22944
0.4393305439330544,0,-0.80242919921875,14,16,100000,22944
0.4393305439330544,1,-0.20233154296875,14,16,100000,22944
0.4393305439330544,2,0.39764404296875,14,16,100000,22944
0.4397487350508233,0,-0.80255126953125,14,16,100000,22944
0.4397487350508233,1,-0.20257568359375,14,16,100000,22944
0.4397487350508233,2,0.39739990234375,14,16,100000,22944
0.44769874476987437,0,-0.80572509765625,14,16,100000,22944
0.44769874476987437,1,-0.20574951171875,14,16,100000,22944
0.44769874476987437,2,0.39422607421875,14,16,100000,22944
0.4478673630459997,0,-0.80572509765625,14,16,100000,22944
0.4478673630459997,1,-0.20574951171875,14,16,100000,22944
0.4478673630459997,2,0.39422607421875,14,16,100000,22944
0.45606694560669436,0,-0.80902099609375,14,16,100000,22944
0.45606694560669436,1,-0.20904541015625,14,16,100000,22944
0.45606694560669436,2,0.39093017578125,14,16,100000,22944
0.4566682003023527,0,-0.80926513671875,14,16,100000,22944
0.4566682003023527,1,-0.20928955078125,14,16,100000,22944
0.4566682003023527,2,0.39068603515625,14,16,100000,22944
0.4644351464435146,0,-0.81231689453125,14,16,100000,22944
0.4644351464435146,1,-0.21234130859375,14,16,100000,22944
0.4644351464435146,2,0.38763427734375,14,16,100000,22944
0.4654416783005846,0,-0.81268310546875,14,16,100000,22944
0.4654416783005846,1,-0.21270751953125,14,16,100000,22944
0.4654416783005846,2,0.38726806640625,14,16,100000,22944
0.4728033472803346,0,-0.81561279296875,14,16,100000,22944
0.4728033472803346,1,-0.21563720703125,14,16,100000,22944
0.4728033472803346,2,0.38433837890625,14,16,100000,22944
0.47302407282099296,0,-0.81573486328125,14,16,100000,22944
0.47302407282099296,1,-0.21575927734375,14,16,100000,22944
0.47302407282099296,2,0.38433837890625,14,16,100000,22944
0.4811715481171548,0,-0.81890869140625,14,16,100000,22944
0.4811715481171548,1,-0.21893310546875,14,16,100000,22944
0.4811715481171548,2,0.38116455078125,14,16,100000,22944
0.48121581369737665,0,-0.81890869140625,14,16,100000,22944
0.48121581369737665,1,-0.21893310546875,14,16,100000,22944
0.48121581369737665,2,0.38104248046875,14,16,100000,22944
0.4895397489539748,0,-0.82208251953125,14,16,100000,22944
0.4895397489539748,1,-0.22210693359375,14,16,100000,22944
0.4895397489539748,2,0.37786865234375,14,16,100000,22944
0.4901809185854649,0,-0.82232666015625,14,16,100000,22944
0.4901809185854649,1,-0.22235107421875,14,16,100000,22944
0.4901809185854649,2,0.37762451171875,14,16,100000,22944
0.4979079497907948,0,-0.82537841796875,14,16,100000,22944
0.4979079497907948,1,-0.22540283203125,14,16,100000,22944
0.4979079497907948,2,0.37469482421875,14,16,100000,22944
0.4984916282013313,0,-0.82562255859375,14,16,100000,22944
0.4984916282013313,1,-0.22552490234375,14,16,100000,22944
0.4984916282013313,2,0.37445068359375,14,16,100000,22944
0.5058065103320885,0,-0.82843017578125,14,16,100000,22944
0.5058065103320885,1,-0.22833251953125,14,16,100000,22944
0.5058065103320885,2,0.37164306640625,14,16,100000,22944
0.506276150627615,0,-0.82855224609375,14,16,100000,22944
0.506276150627615,1,-0.22857666015625,14,16,100000,22944
0.506276150627615,2,0.37139892578125,14,16,100000,22944
0.514644351464435,0,-0.83172607421875,14,16,100000,22944
0.514644351464435,1,-0.23175048828125,14,16,100000,22944
0.514644351464435,2,0.36822509765625,14,16,100000,22944
0.5152055652047821,0,-0.83197021484375,14,16,100000,22944
0.5152055652047821,1,-0.23199462890625,14,16,100000,22944
0.5152055652047821,2,0.36798095703125,14,16,100000,22944
0.5230125523012552,0,-0.83489990234375,14,16,100000,22944
0.5230125523012552,1,-0.23492431640625,14,16,100000,22944
0.5230125523012552,2,0.36505126953125,14,16,100000,22944
0.5234397338052255,0,-0.83514404296875,14,16,100000,22944
0.5234397338052255,1,-0.23504638671875,14,16,100000,22944
0.5234397338052255,2,0.36492919921875,14,16,100000,22944
0.5313807531380752,0,-0.83807373046875,14,16,100000,22944
0.5313807531380752,1,-0.23809814453125,14,16,100000,22944
0.5313807531380752,2,0.36187744140625,14,16,100000,22944
0.5323869258739594,0,-0.83843994140625,14,16,100000,22944
0.5323869258739594,1,-0.23846435546875,14,16,100000,22944
0.5323869258739594,2,0.36151123046875,14,16,100000,22944
0.5397489539748952,0,-0.84124755859375,14,16,100000,22944
0.5397489539748952,1,-0.24127197265625,14,16,100000,22944
0.5397489539748952,2,0.35882568359375,14,16,100000,22944
0.5402648755075579,0,-0.84136962890625,14,16,100000,22944
0.5402648755075579,1,-0.24139404296875,14,16,100000,22944
0.5402648755075579,2,0.35858154296875,14,16,100000,22944
0.5464832734436483,0,-0.84368896484375,14,16,100000,22944
0.5464832734436483,1,-0.24371337890625,14,16,100000,22944
0.5464832734436483,2,0.35626220703125,14,16,100000,22944
0.5481171548117154,0,-0.84429931640625,14,16,100000,22944
0.5481171548117154,1,-0.24432373046875,14,16,100000,22944
0.5481171548117154,2,0.35565185546875,14,16,100000,22944
0.5564853556485354,0,-0.84747314453125,14,16,100000,22944
0.5564853556485354,1,-0.24749755859375,14,16,100000,22944
0.5564853556485354,2,0.35260009765625,14,16,100000,22944
0.5575573463342155,0,-0.84783935546875,14,16,100000,22944
0.5575573463342155,1,-0.24786376953125,14,16,100000,22944
0.5575573463342155,2,0.35211181640625,14,16,100000,22944
0.5647007441593533,0,-0.85052490234375,14,16,100000,22944
0.5647007441593533,1,-0.25054931640625,14,16,100000,22944
0.5647007441593533,2,0.34954833984375,14,16,100000,22944
0.5648535564853556,0,-0.85052490234375,14,16,100000,22944
0.5648535564853556,1,-0.25054931640625,14,16,100000,22944
0.5648535564853556,2,0.34942626953125,14,16,100000,22944
0.5726988411817767,0,-0.85345458984375,14,16,100000,22944
0.5726988411817767,1,-0.25347900390625,14,16,100000,22944
0.5726988411817767,2,0.34661865234375,14,16,100000,22944
0.5732217573221756,0,-0.85357666015625,14,16,100000,22944
0.5732217573221756,1,-0.25360107421875,14,16,100000,22944
0.5732217573221756,2,0.34637451171875,14,16,100000,22944
0.581142937846967,0,-0.85650634765625,14,16,100000,22944
0.581142937846967,1,-0.25653076171875,14,16,100000,22944
0.581142937846967,2,0.34344482421875,14,16,100000,22944
0.5815899581589956,0,-0.85662841796875,14,16,100000,22944
0.5815899581589956,1,-0.25665283203125,14,16,100000,22944
0.5815899581589956,2,0.34332275390625,14,16,100000,22944
0.5891992003008747,0,-0.85943603515625,14,16,100000,22944
0.5891992003008747,1,-0.25946044921875,14,16,100000,22944
0.5891992003008747,2,0.34051513671875,14,16,100000,22944
0.5899581589958158,0,-0.85968017578125,14,16,100000,22944
0.5899581589958158,1,-0.25970458984375,14,16,100000,22944
0.5899581589958158,2,0.34027099609375,14,16,100000,22944
0.5972058447489094,0,-0.86236572265625,14,16,100000,22944
0.5972058447489094,1,-0.26239013671875,14,16,100000,22944
0.5972058447489094,2,0.33758544921875,14,16,100000,22944
0.5983263598326358,0,-0.86273193359375,14,16,100000,22944
0.5983263598326358,1,-0.26275634765625,14,16,100000,22944
0.5983263598326358,2,0.33721923828125,14,16,100000,22944
0.6065741154727853,0,-0.86578369140625,14,16,100000,22944
0.6065741154727853,1,-0.26568603515625,14,16,100000,22944
0.6065741154727853,2,0.33428955078125,14,16,100000,22944
0.6066945606694558,0,-0.86578369140625,14,16,100000,22944
0.6066945606694558,1,-0.26580810546875,14,16,100000,22944
0.6066945606694558,2,0.33416748046875,14,16,100000,22944
0.6149344515420324,0,-0.86871337890625,14,16,100000,22944
0.6149344515420324,1,-0.26873779296875,14,16,100000,22944
0.6149344515420324,2,0.33123779296875,14,16,100000,22944
0.615062761506276,0,-0.86883544921875,14,16,100000,22944
0.615062761506276,1,-0.26873779296875,14,16,100000,22944
0.615062761506276,2,0.33123779296875,14,16,100000,22944
0.623430962343096,0,-0.87176513671875,14,16,100000,22944
0.623430962343096,1,-0.27178955078125,14,16,100000,22944
0.623430962343096,2,0.32818603515625,14,16,100000,22944
0.6242140979870854,0,-0.87200927734375,14,16,100000,22944
0.6242140979870854,1,-0.27203369140625,14,16,100000,22944
0.6242140979870854,2,0.32794189453125,14,16,100000,22944
0.6317991631799162,0,-0.87469482421875,14,16,100000,22944
0.6317991631799162,1,-0.27471923828125,14,16,100000,22944
0.6317991631799162,2,0.32525634765625,14,16,100000,22944
0.6329902636162409,0,-0.87518310546875,14,16,100000,22944
0.6329902636162409,1,-0.27520751953125,14,16,100000,22944
0.6329902636162409,2,0.32489013671875,14,16,100000,22944
0.6401673640167362,0,-0.87774658203125,14,16,100000,22944
0.6401673640167362,1,-0.27764892578125,14,16,100000,22944
0.6401673640167362,2,0.32232666015625,14,16,100000,22944
0.6414656620674243,0,-0.87811279296875,14,16,100000,22944
0.6414656620674243,1,-0.27813720703125,14,16,100000,22944
0.6414656620674243,2,0.32183837890625,14,16,100000,22944
0.6485355648535562,0,-0.88067626953125,14,16,100000,22944
0.6485355648535562,1,-0.28070068359375,14,16,100000,22944
0.6485355648535562,2,0.31939697265625,14,16,100000,22944
0.6490881368001922,0,-0.88079833984375,14,16,100000,22944
0.6490881368001922,1,-0.28082275390625,14,16,100000,22944
0.6490881368001922,2,0.31915283203125,14,16,100000,22944
0.6569037656903765,0,-0.88360595703125,14,16,100000,22944
0.6569037656903765,1,-0.28363037109375,14,16,100000,22944
0.6569037656903765,2,0.31634521484375,14,16,100000,22944
0.6577884058650071,0,-0.88385009765625,14,16,100000,22944
0.6577884058650071,1,-0.28387451171875,14,16,100000,22944
0.6577884058650071,2,0.31610107421875,14,16,100000,22944
0.6652719665271964,0,-0.88653564453125,14,16,100000,22944
0.6652719665271964,1,-0.28656005859375,14,16,100000,22944
0.6652719665271964,2,0.31353759765625,14,16,100000,22944
0.6657601121172028,0,-0.88665771484375,14,16,100000,22944
0.6657601121172028,1,-0.28668212890625,14,16,100000,22944
0.6657601121172028,2,0.31329345703125,14,16,100000,22944
0.6736401673640167,0,-0.88946533203125,14,16,100000,22944
0.6736401673640167,1,-0.28948974609375,14,16,100000,22944
0.6736401673640167,2,0.31060791015625,14,16,100000,22944
0.6746551072102204,0,-0.88983154296875,14,16,100000,22944
0.6746551072102204,1,-0.28973388671875,14,16,100000,22944
0.6746551072102204,2,0.31024169921875,14,16,100000,22944
0.6809581235366975,0,-0.89202880859375,14,16,100000,22944
0.6809581235366975,1,-0.29193115234375,14,16,100000,22944
0.6809581235366975,2,0.30804443359375,14,16,100000,22944
0.6820083682008367,0,-0.89239501953125,14,16,100000,22944
0.6820083682008367,1,-0.29229736328125,14,16,100000,22944
0.6820083682008367,2,0.30767822265625,14,16,100000,22944
0.6897268686396784,0,-0.89495849609375,14,16,100000,22944
0.6897268686396784,1,-0.29498291015625,14,16,100000,22944
0.6897268686396784,2,0.30499267578125,14,16,100000,22944
0.6903765690376567,0,-0.89520263671875,14,16,100000,22944
0.6903765690376567,1,-0.29522705078125,14,16,100000,22944
0.6903765690376567,2,0.30474853515625,14,16,100000,22944
0.6987447698744769,0,-0.89813232421875,14,16,100000,22944
0.6987447698744769,1,-0.29815673828125,14,16,100000,22944
0.6987447698744769,2,0.30194091796875,14,16,100000,22944
0.6990475901147606,0,-0.89825439453125,14,16,100000,22944
0.6990475901147606,1,-0.29815673828125,14,16,100000,22944
0.6990475901147606,2,0.30181884765625,14,16,100000,22944
0.7071129707112969,0,-0.90093994140625,14,16,100000,22944
0.7071129707112969,1,-0.30096435546875,14,16,100000,22944
0.7071129707112969,2,0.29901123046875,14,16,100000,22944
0.7074188778784011,0,-0.90106201171875,14,16,100000,22944
0.7074188778784011,1,-0.30108642578125,14,16,100000,22944
0.7074188778784011,2,0.29888916015625,14,16,100000,22944
0.7154811715481171,0,-0.90386962890625,14,16,100000,22944
0.7154811715481171,1,-0.30377197265625,14,16,100000,22944
0.7154811715481171,2,0.29620361328125,14,16,100000,22944
0.715985089936161,0,-0.90399169921875,14,16,100000,22944
0.715985089936161,1,-0.30401611328125,14,16,100000,22944
0.715985089936161,2,0.29595947265625,14,16,100000,22944
0.7236944834344842,0,-0.90667724609375,14,16,100000,22944
0.7236944834344842,1,-0.30657958984375,14,16,100000,22944
0.7236944834344842,2,0.29339599609375,14,16,100000,22944
0.7238493723849371,0,-0.90667724609375,14,16,100000,22944
0.7238493723849371,1,-0.30670166015625,14,16,100000,22944
0.7238493723849371,2,0.29327392578125,14,16,100000,22944
0.7322175732217571,0,-0.90948486328125,14,16,100000,22944
0.7322175732217571,1,-0.30950927734375,14,16,100000,22944
0.7322175732217571,2,0.29046630859375,14,16,100000,22944
0.732422617015396,0,-0.90960693359375,14,16,100000,22944
0.732422617015396,1,-0.30963134765625,14,16,100000,22944
0.732422617015396,2,0.29046630859375,14,16,100000,22944
0.7405857740585773,0,-0.91229248046875,14,16,100000,22944
0.7405857740585773,1,-0.31231689453125,14,16,100000,22944
0.7405857740585773,2,0.28765869140625,14,16,100000,22944
0.7413541412388801,0,-0.91265869140625,14,16,100000,22944
0.7413541412388801,1,-0.31256103515625,14,16,100000,22944
0.7413541412388801,2,0.28741455078125,14,16,100000,22944
0.7489539748953973,0,-0.91522216796875,14,16,100000,22944
0.7489539748953973,1,-0.31512451171875,14,16,100000,22944
0.7489539748953973,2,0.28485107421875,14,16,100000,22944
0.749123412347259,0,-0.91522216796875,14,16,100000,22944
0.749123412347259,1,-0.31524658203125,14,16,100000,22944
0.749123412347259,2,0.28472900390625,14,16,100000,22944
0.7566069199937081,0,-0.91778564453125,14,16,100000,22944
0.7566069199937081,1,-0.31768798828125,14,16,100000,22944
0.7566069199937081,2,0.28228759765625,14,16,100000,22944
0.7573221757322175,0,-0.91802978515625,14,16,100000,22944
0.7573221757322175,1,-0.31793212890625,14,16,100000,22944
0.7573221757322175,2,0.28204345703125,14,16,100000,22944
0.7654357031318147,0,-0.92071533203125,14,16,100000,22944
0.7654357031318147,1,-0.32073974609375,14,16,100000,22944
0.7654357031318147,2,0.27935791015625,14,16,100000,22944
0.7656903765690375,0,-0.92071533203125,14,16,100000,22944
0.7656903765690375,1,-0.32073974609375,14,16,100000,22944
0.7656903765690375,2,0.27923583984375,14,16,100000,22944
0.7740585774058575,0,-0.92352294921875,14,16,100000,22944
0.7740585774058575,1,-0.32354736328125,14,16,100000,22944
0.7740585774058575,2,0.27642822265625,14,16,100000,22944
0.774926481414268,0,-0.92388916015625,14,16,100000,22944
0.774926481414268,1,-0.32391357421875,14,16,100000,22944
0.774926481414268,2,0.27618408203125,14,16,100000,22944
0.7824267782426777,0,-0.92633056640625,14,16,100000,22944
0.7824267782426777,1,-0.32635498046875,14,16,100000,22944
0.7824267782426777,2,0.27362060546875,14,16,100000,22944
0.7832897647633651,0,-0.92657470703125,14,16,100000,22944
0.7832897647633651,1,-0.32659912109375,14,16,100000,22944
0.7832897647633651,2,0.27337646484375,14,16,100000,22944
0.7907949790794977,0,-0.92913818359375,14,16,100000,22944
0.7907949790794977,1,-0.32916259765625,14,16,100000,22944
0.7907949790794977,2,0.27093505859375,14,16,100000,22944
0.7914042519677176,0,-0.92938232421875,14,16,100000,22944
0.7914042519677176,1,-0.32928466796875,14,16,100000,22944
0.7914042519677176,2,0.27069091796875,14,16,100000,22944
0.7991631799163179,0,-0.93194580078125,14,16,100000,22944
0.7991631799163179,1,-0.33184814453125,14,16,100000,22944
0.7991631799163179,2,0.26812744140625,14,16,100000,22944
0.7994477466208798,0,-0.93194580078125,14,16,100000,22944
0.7994477466208798,1,-0.33197021484375,14,16,100000,22944
0.7994477466208798,2,0.26800537109375,14,16,100000,22944
0.8075313807531379,0,-0.93463134765625,14,16,100000,22944
0.8075313807531379,1,-0.33465576171875,14,16,100000,22944
0.8075313807531379,2,0.26531982421875,14,16,100000,22944
0.8079837720209823,0,-0.93475341796875,14,16,100000,22944
0.8079837720209823,1,-0.33477783203125,14,16,100000,22944
0.8079837720209823,2,0.26519775390625,14,16,100000,22944
0.8153725041023422,0,-0.93719482421875,14,16,100000,22944
0.8153725041023422,1,-0.33721923828125,14,16,100000,22944
0.8153725041023422,2,0.26275634765625,14,16,100000,22944
0.8158995815899579,0,-0.93743896484375,14,16,100000,22944
0.8158995815899579,1,-0.33734130859375,14,16,100000,22944
0.8158995815899579,2,0.26263427734375,14,16,100000,22944
0.8238622430857843,0,-0.94000244140625,14,16,100000,22944
0.8238622430857843,1,-0.34002685546875,14,16,100000,22944
0.8238622430857843,2,0.25994873046875,14,16,100000,22944
0.8242677824267781,0,-0.94012451171875,14,16,100000,22944
0.8242677824267781,1,-0.34014892578125,14,16,100000,22944
0.8242677824267781,2,0.25982666015625,14,16,100000,22944
0.8326359832635981,0,-0.94293212890625,14,16,100000,22944
0.8326359832635981,1,-0.34283447265625,14,16,100000,22944
0.8326359832635981,2,0.25714111328125,14,16,100000,22944
0.833599929897743,0,-0.94317626953125,14,16,100000,22944
0.833599929897743,1,-0.34320068359375,14,16,100000,22944
0.833599929897743,2,0.25677490234375,14,16,100000,22944
0.8410041841004183,0,-0.94561767578125,14,16,100000,22944
0.8410041841004183,1,-0.34564208984375,14,16,100000,22944
0.8410041841004183,2,0.25433349609375,14,16,100000,22944
0.8418164765861185,0,-0.94586181640625,14,16,100000,22944
0.8418164765861185,1,-0.34588623046875,14,16,100000,22944
0.8418164765861185,2,0.25408935546875,14,16,100000,22944
0.8493723849372383,0,-0.94830322265625,14,16,100000,22944
0.8493723849372383,1,-0.34832763671875,14,16,100000,22944
0.8493723849372383,2,0.25164794921875,14,16,100000,22944
0.8499953658165031,0,-0.94854736328125,14,16,100000,22944
0.8499953658165031,1,-0.34857177734375,14,16,100000,22944
0.8499953658165031,2,0.25140380859375,14,16,100000,22944
0.8577405857740583,0,-0.95111083984375,14,16,100000,22944
0.8577405857740583,1,-0.35101318359375,14,16,100000,22944
0.8577405857740583,2,0.24896240234375,14,16,100000,22944
0.8578088263735634,0,-0.95111083984375,14,16,100000,22944
0.8578088263735634,1,-0.35113525390625,14,16,100000,22944
0.8578088263735634,2,0.24896240234375,14,16,100000,22944
0.8661087866108785,0,-0.95379638671875,14,16,100000,22944
0.8661087866108785,1,-0.35382080078125,14,16,100000,22944
0.8661087866108785,2,0.24627685546875,14,16,100000,22944
0.8663274658092518,0,-0.95379638671875,14,16,100000,22944
0.8663274658092518,1,-0.35382080078125,14,16,100000,22944
0.8663274658092518,2,0.24615478515625,14,16,100000,22944
0.8744769874476985,0,-0.95648193359375,14,16,100000,22944
0.8744769874476985,1,-0.35650634765625,14,16,100000,22944
0.8744769874476985,2,0.24359130859375,14,16,100000,22944
0.8750065956988002,0,-0.95660400390625,14,16,100000,22944
0.8750065956988002,1,-0.35662841796875,14,16,100000,22944
0.8750065956988002,2,0.24334716796875,14,16,100000,22944
0.882529069109768,0,-0.95904541015625,14,16,100000,22944
0.882529069109768,1,-0.35906982421875,14,16,100000,22944
0.882529069109768,2,0.24090576171875,14,16,100000,22944
0.8828451882845187,0,-0.95916748046875,14,16,100000,22944
0.8828451882845187,1,-0.35919189453125,14,16,100000,22944
0.8828451882845187,2,0.24078369140625,14,16,100000,22944
0.8912133891213387,0,-0.96185302734375,14,16,100000,22944
0.8912133891213387,1,-0.36187744140625,14,16,100000,22944
0.8912133891213387,2,0.23809814453125,14,16,100000,22944
0.891449702508903,0,-0.96197509765625,14,16,100000,22944
0.891449702508903,1,-0.36187744140625,14,16,100000,22944
0.891449702508903,2,0.23809814453125,14,16,100000,22944
0.899567077455597,0,-0.96453857421875,14,16,100000,22944
0.899567077455597,1,-0.36456298828125,14,16,100000,22944
0.899567077455597,2,0.23541259765625,14,16,100000,22944
0.8995815899581587,0,-0.96453857421875,14,16,100000,22944
0.8995815899581587,1,-0.36456298828125,14,16,100000,22944
0.8995815899581587,2,0.23541259765625,14,16,100000,22944
0.9079098252551446,0,-0.96722412109375,14,16,100000,22944
0.9079098252551446,1,-0.36724853515625,14,16,100000,22944
0.9079098252551446,2,0.23272705078125,14,16,100000,22944
0.907949790794979,0,-0.96722412109375,14,16,100000,22944
0.907949790794979,1,-0.36724853515625,14,16,100000,22944
0.907949790794979,2,0.23272705078125,14,16,100000,22944
0.916317991631799,0,-0.96990966796875,14,16,100000,22944
0.916317991631799,1,-0.36993408203125,14,16,100000,22944
0.916317991631799,2,0.23004150390625,14,16,100000,22944
0.9167663207842133,0,-0.97003173828125,14,16,100000,22944
0.9167663207842133,1,-0.37005615234375,14,16,100000,22944
0.9167663207842133,2,0.22991943359375,14,16,100000,22944
0.9246704946737081,0,-0.97259521484375,14,16,100000,22944
0.9246704946737081,1,-0.37261962890625,14,16,100000,22944
0.9246704946737081,2,0.22747802734375,14,16,100000,22944
0.9246861924686192,0,-0.97259521484375,14,16,100000,22944
0.9246861924686192,1,-0.37261962890625,14,16,100000,22944
0.9246861924686192,2,0.22747802734375,14,16,100000,22944
0.9329917165265854,0,-0.97528076171875,14,16,100000,22944
0.9329917165265854,1,-0.37518310546875,14,16,100000,22944
0.9329917165265854,2,0.22479248046875,14,16,100000,22944
0.9330543933054392,0,-0.97528076171875,14,16,100000,22944
0.9330543933054392,1,-0.37518310546875,14,16,100000,22944
0.9330543933054392,2,0.22479248046875,14,16,100000,22944
0.940384218373004,0,-0.97760009765625,14,16,100000,22944
0.940384218373004,1,-0.37762451171875,14,16,100000,22944
0.940384218373004,2,0.22247314453125,14,16,100000,22944
0.9414225941422592,0,-0.97784423828125,14,16,100000,22944
0.9414225941422592,1,-0.37786865234375,14,16,100000,22944
0.9414225941422592,2,0.22210693359375,14,16,100000,22944
0.9489536359752404,0,-0.98028564453125,14,16,100000,22944
0.9489536359752404,1,-0.38031005859375,14,16,100000,22944
0.9489536359752404,2,0.21966552734375,14,16,100000,22944
0.9497907949790794,0,-0.98052978515625,14,16,100000,22944
0.9497907949790794,1,-0.38055419921875,14,16,100000,22944
0.9497907949790794,2,0.21942138671875,14,16,100000,22944
0.9580329804403361,0,-0.98321533203125,14,16,100000,22944
0.9580329804403361,1,-0.38311767578125,14,16,100000,22944
0.9580329804403361,2,0.21685791015625,14,16,100000,22944
0.9581589958158994,0,-0.98321533203125,14,16,100000,22944
0.9581589958158994,1,-0.38323974609375,14,16,100000,22944
0.9581589958158994,2,0.21673583984375,14,16,100000,22944
0.9661569272784396,0,-0.98577880859375,14,16,100000,22944
0.9661569272784396,1,-0.38568115234375,14,16,100000,22944
0.9661569272784396,2,0.21429443359375,14,16,100000,22944
0.9665271966527196,0,-0.98590087890625,14,16,100000,22944
0.9665271966527196,1,-0.38580322265625,14,16,100000,22944
0.9665271966527196,2,0.21417236328125,14,16,100000,22944
0.9748953974895396,0,-0.98846435546875,14,16,100000,22944
0.9748953974895396,1,-0.38848876953125,14,16,100000,22944
0.9748953974895396,2,0.21148681640625,14,16,100000,22944
0.9751567951504138,0,-0.98858642578125,14,16,100000,22944
0.9751567951504138,1,-0.38861083984375,14,16,100000,22944
0.9751567951504138,2,0.21136474609375,14,16,100000,22944
0.9828367522690841,0,-0.99102783203125,14,16,100000,22944
0.9828367522690841,1,-0.39105224609375,14,16,100000,22944
0.9828367522690841,2,0.20904541015625,14,16,100000,22944
0.9832635983263596,0,-0.99114990234375,14,16,100000,22944
0.9832635983263596,1,-0.39117431640625,14,16,100000,22944
0.9832635983263596,2,0.20892333984375,14,16,100000,22944
0.9916317991631798,0,-0.99371337890625,14,16,100000,22944
0.9916317991631798,1,-0.39373779296875,14,16,100000,22944
0.9916317991631798,2,0.20623779296875,14,16,100000,22944
0.9926693561395954,0,-0.99407958984375,14,16,100000,22944
0.9926693561395954,1,-0.39410400390625,14,16,100000,22944
0.9926693561395954,2,0.20587158203125,14,16,100000,22944
1.0,0,-0.99639892578125,14,16,100000,22944
1.0,1,-0.39642333984375,14,16,100000,22944
1.0,2,0.20355224609375,14,16,100000,22944
