family,strategy,samples,d_H_mean,d_H_sd,d_H_ci95,policy_risk_mean,policy_risk_sd,policy_risk_ci95,queries_mean,queries_sd,queries_ci95
admission_control,active_adaptive_bisection,100,0.10325139470013944,0.0,0.0,0.04654566666666667,0.0006901808025654475,0.0002469780282904485,79.0,0.0,0.0
admission_control,active_adaptive_bisection,200,0.03485588120898911,0.0037691515931979024,0.0013487735754973372,0.022934999999999997,0.0010520513623229228,0.00037647174502822615,179.0,0.0,0.0
admission_control,active_adaptive_bisection,500,0.02075946881252359,0.0029344882249547517,0.0010500931250867944,0.010804999999999999,0.0004082996702051754,0.00014610816053428575,456.0,0.0,0.0
admission_control,active_adaptive_bisection,1000,0.007912178388854805,0.0003893626038544075,0.00013933161837093787,0.005315666666666666,0.00022049604474259037,7.890349626350762e-05,953.5,3.5598333940092544,1.2738700198945758
admission_control,active_adaptive_bisection,2000,0.005378758131395584,0.0010992375158431517,0.000393357093209048,0.0028103333333333327,0.0001794336556546993,6.420950904142622e-05,1891.7333333333333,1.4605934866804424,0.5226666666666666
admission_control,active_adaptive_bisection,5000,0.0014187282170660795,0.00027459442666830157,9.82623536122656e-05,0.000665,8.520765709480698e-05,3.0491168497154045e-05,4972.333333333333,9.71430986184577,3.4762211393928437
admission_control,active_adaptive_bisection,10000,0.0005015855616510351,4.148140127390939e-05,1.4843928807167223e-05,0.0003216666666666666,6.363057892800162e-05,2.2769910238306527e-05,9892.366666666667,28.533686484010715,10.210648574234321
admission_control,active_adaptive_bisection,25000,0.000244140625,0.0,0.0,0.000169,4.171744032879063e-05,1.4928394298176849e-05,19128.0,0.0,0.0
admission_control,active_adaptive_bisection,50000,0.0001220703125,0.0,0.0,8.66666666666667e-05,2.6695386832951486e-05,9.55282149249283e-06,20483.0,0.0,0.0
admission_control,active_adaptive_bisection,100000,6.103515625e-05,0.0,0.0,4.5333333333333335e-05,1.71671967332515e-05,6.143202454621485e-06,21838.0,0.0,0.0
admission_control,uniform,100,0.5,0.0,0.0,0.2781516666666667,0.0014970409510749589,0.0005357092242963252,100.0,0.0,0.0
admission_control,uniform,200,0.7223679656210322,0.3353879086547335,0.12001702174865739,0.3197939999999999,0.08183230563486062,0.029283314489528575,200.0,0.0,0.0
admission_control,uniform,500,0.362939194164644,0.2595340241182183,0.09287305777376348,0.163923,0.0492463654636493,0.017622585556528264,500.0,0.0,0.0
admission_control,uniform,1000,0.22671728660642845,0.10255467787667547,0.03669872016114435,0.122578,0.020042154093052354,0.007171992733202722,1000.0,0.0,0.0
admission_control,uniform,2000,0.1323166865598697,0.03725972238697547,0.013333220419314774,0.06209166666666667,0.007202052908161255,0.002577221534255127,2000.0,0.0,0.0
admission_control,uniform,5000,0.059319059867419394,0.008798554168476391,0.0031485221731170107,0.026173666666666665,0.0013124430584254675,0.0004696517167799235,5000.0,0.0,0.0
admission_control,uniform,10000,0.047778527141931246,0.002848712126087613,0.0010193985423138353,0.022705999999999997,0.0007921929406226832,0.00028348260307059096,10000.0,0.0,0.0
admission_control,uniform,25000,0.04650890296060603,0.00102826525392037,0.00036795999545169645,0.021699000000000003,0.0004718806833409742,0.00016886033388164516,25000.0,0.0,0.0
admission_control,uniform,50000,0.0462334345802866,0.0005436023307894484,0.0001945255958053671,0.021680666666666668,0.0004512888312327289,0.00016149163423998756,50000.0,0.0,0.0
admission_control,uniform,100000,0.04593283949039736,0.0002370270411201578,8.48190373446738e-05,0.021632,0.000507892196000904,0.00018174688818661306,100000.0,0.0,0.0
inventory_threshold,active_adaptive_bisection,100,0.03125,0.0,0.0,0.018384333333333332,0.00036766442095582393,0.0001315670233403922,84.0,0.0,0.0
inventory_threshold,active_adaptive_bisection,200,0.03125,0.0,0.0,0.016509666666666662,0.0009592327513509781,0.00034325703166428087,189.0,0.0,0.0
inventory_threshold,active_adaptive_bisection,500,0.015625,0.0,0.0,0.009991333333333333,0.0003747618400819502,0.0001341068021566182,480.0,0.0,0.0
inventory_threshold,active_adaptive_bisection,1000,0.0078125,0.0,0.0,0.004619666666666666,0.00027978419433967114,0.00010011948812252143,999.0,0.0,0.0
inventory_threshold,active_adaptive_bisection,2000,0.00390625,0.0,0.0,0.0020536666666666667,0.0001553302007478514,5.5584198476783974e-05,1980.0,0.0,0.0
inventory_threshold,active_adaptive_bisection,5000,0.0009765625,0.0,0.0,0.0005386666666666667,6.344877561022578e-05,2.2704852756565453e-05,4968.0,0.0,0.0
inventory_threshold,active_adaptive_bisection,10000,0.00048828125,0.0,0.0,0.00031033333333333336,5.4106111155467616e-05,1.936162321810459e-05,9973.6,17.541281359243342,6.2770669188282735
inventory_threshold,active_adaptive_bisection,25000,0.000244140625,0.0,0.0,0.000247,6.142839958734127e-05,2.19818704819462e-05,20076.0,0.0,0.0
inventory_threshold,active_adaptive_bisection,50000,0.0001220703125,0.0,0.0,9.133333333333336e-05,3.4713937709000513e-05,1.2422223072125203e-05,21510.0,0.0,0.0
inventory_threshold,active_adaptive_bisection,100000,6.103515625e-05,0.0,0.0,4.633333333333333e-05,2.075860159620308e-05,7.428370179582075e-06,22944.0,0.0,0.0
inventory_threshold,uniform,100,0.44999999999999984,1.6938038562251105e-16,4.0407995041904695e-17,0.27740299999999996,0.001615255184280437,0.0005780116443642721,100.0,0.0,0.0
inventory_threshold,uniform,200,0.7532227589947281,0.46611652804963133,0.1667976574013314,0.31981999999999994,0.11195147393956625,0.040061320446799414,200.0,0.0,0.0
inventory_threshold,uniform,500,0.3692975067340931,0.16802341261652695,0.060126406008992356,0.14866366666666667,0.030147900193744075,0.010788287531718291,500.0,0.0,0.0
inventory_threshold,uniform,1000,0.20245219555327984,0.06668627613084203,0.023863377439081932,0.11360900000000002,0.014775214182472313,0.005287242491810755,1000.0,0.0,0.0
inventory_threshold,uniform,2000,0.11981693452499036,0.03173768114037181,0.01135718333721211,0.053774,0.007578791915374885,0.002712035856583224,2000.0,0.0,0.0
inventory_threshold,uniform,5000,0.03975088437450405,0.011874253713904263,0.004249147120261308,0.013754666666666665,0.003106165985010586,0.001111527222532427,5000.0,0.0,0.0
inventory_threshold,uniform,10000,0.014628621363799357,0.004341970479692569,0.0015537541814894427,0.005503333333333332,0.0010686999299288292,0.000382429358433124,10000.0,0.0,0.0
inventory_threshold,uniform,25000,0.005501113542813805,0.001476205318725648,0.0005282532890157587,0.001979,0.00029312054716859034,0.0001048918406916294,25000.0,0.0,0.0
inventory_threshold,uniform,50000,0.002938887486195017,0.0007787512139981995,0.0002786725429730132,0.0012666666666666668,0.0003560156266749841,0.00012739855584209477,50000.0,0.0,0.0
inventory_threshold,uniform,100000,0.0022522145427866847,0.00038523768714663335,0.00013785553588420164,0.0011760000000000002,0.00018792148030127024,6.724683808316871e-05,100000.0,0.0,0.0
machine_replacement,active_adaptive_bisection,100,0.028373430962343127,0.0,0.0,0.016193000000000003,0.0003742500547071116,0.0001339236621122766,84.0,0.0,0.0
machine_replacement,active_adaptive_bisection,200,0.03017841737247184,0.0007542706246649227,0.0002699122765870939,0.016288,0.00047344955672027033,0.0001694217480102556,189.0,0.0,0.0
machine_replacement,active_adaptive_bisection,500,0.015132942805764243,0.00030332604292837296,0.00010854383044722482,0.008070666666666665,0.0002995966637323256,0.00010720928924126329,480.0,0.0,0.0
machine_replacement,active_adaptive_bisection,1000,0.007439918112094085,0.00012261708837926218,4.3877961557405293e-05,0.003994333333333333,0.00023274498895799555,8.328672465774218e-05,999.0,0.0,0.0
machine_replacement,active_adaptive_bisection,2000,0.0037775027874492,5.495700691925612e-05,1.9666112356660794e-05,0.0018966666666666667,0.0001372722774667906,4.9122253620597304e-05,1980.0,0.0,0.0
machine_replacement,active_adaptive_bisection,5000,0.0009671121288806391,5.201233655258184e-06,1.861237559895438e-06,0.0007043333333333334,8.045917076952471e-05,2.8791944488570943e-05,4968.0,0.0,0.0
machine_replacement,active_adaptive_bisection,10000,0.00048561679237640073,2.0213833992979907e-06,7.233427596391616e-07,0.00032733333333333334,6.345964415895829e-05,2.2708742016780105e-05,9977.5,14.782911849788617,5.289997066683236
machine_replacement,active_adaptive_bisection,25000,0.0002437853175595306,0.0,0.0,0.0001533333333333334,3.262465043631816e-05,1.167458122346558e-05,20076.0,0.0,0.0
machine_replacement,active_adaptive_bisection,50000,0.00012171500505953059,0.0,0.0,6.3e-05,2.3510819226255284e-05,8.413238609955501e-06,21510.0,0.0,0.0
machine_replacement,active_adaptive_bisection,100000,6.067984880953059e-05,0.0,0.0,4.2000000000000004e-05,2.074475421850562e-05,7.423414959112309e-06,22944.0,0.0,0.0
machine_replacement,uniform,100,0.15217391304347833,1.1292025708167404e-16,2.0203997520952348e-17,0.09985533333333332,0.000763330873860416,0.0002731544451229405,100.0,0.0,0.0
machine_replacement,uniform,200,0.6171728263978881,0.5456473624721041,0.19525740099452393,0.20925966666666668,0.13920041851114587,0.04981223003204,200.0,0.0,0.0
machine_replacement,uniform,500,0.25911570434187475,0.08717698013508089,0.031195881696573533,0.13250133333333336,0.03124899697516743,0.011182309954570471,500.0,0.0,0.0
machine_replacement,uniform,1000,0.15138227382472888,0.042087951988389605,0.015060980192780462,0.09154266666666665,0.014870646609166418,0.005321392547118395,1000.0,0.0,0.0
machine_replacement,uniform,2000,0.07080159483789886,0.01863855295049211,0.006669720514956146,0.040147,0.007152337524821205,0.0025594311128070233,2000.0,0.0,0.0
machine_replacement,uniform,5000,0.01934317418464054,0.006028967187096282,0.0021574382001963203,0.008697666666666666,0.0023893812261081655,0.0008550290907322788,5000.0,0.0,0.0
machine_replacement,uniform,10000,0.010901565552637455,0.0034442575025623525,0.0012325117182997412,0.0045780000000000005,0.0010719572817016094,0.00038359498679499567,10000.0,0.0,0.0
machine_replacement,uniform,25000,0.004400020303718533,0.0014000655081683397,0.0005010070077283722,0.0018033333333333334,0.00037207093625973446,0.0001331438745905953,25000.0,0.0,0.0
machine_replacement,uniform,50000,0.002440204416257193,0.0008603811954439199,0.000307883456681292,0.0009263333333333333,0.00023280128174391393,8.330686877247476e-05,50000.0,0.0,0.0
machine_replacement,uniform,100000,0.0014034120888961785,0.0004459821024981729,0.00015959264575079587,0.0006079999999999999,0.00014791423423611121,5.293042894258441e-05,100000.0,0.0,0.0
random_structured,active_adaptive_bisection,100,0.03979240529940977,0.014153311484984334,0.005064697469632269,0.01972166666666667,0.005925068358885934,0.002120258482015668,74.0,6.432675209026769,2.3019032604976375
random_structured,active_adaptive_bisection,200,0.030218986401055074,0.0007990392167757536,0.0002859325115281025,0.018593333333333333,0.004852912622285737,0.0017365924790472649,171.0,11.861267013789622,4.2444998893090835
random_structured,active_adaptive_bisection,500,0.015254341780408605,0.0011744434224357128,0.00042026918125465107,0.008307666666666668,0.0013006541678585496,0.0004654331164695024,453.0,25.782913347596217,9.226297049270597
random_structured,active_adaptive_bisection,1000,0.007649581059968635,0.00011091137346114079,3.9689125270650473e-05,0.0042780000000000006,0.0006712900601286945,0.00024021806292683708,955.1,34.0540645201836,12.186090484128053
random_structured,active_adaptive_bisection,2000,0.0038795535338861766,0.0002085819909461776,7.46401068666324e-05,0.002114666666666667,0.00036375184164324245,0.0001301669248146733,1956.5333333333333,28.55090231478693,10.216809180157707
random_structured,active_adaptive_bisection,5000,0.0010120387455601863,0.00014697564675816957,5.259455972712887e-05,0.00047933333333333335,8.73334210756776e-05,3.125186336820053e-05,4912.533333333334,61.60146288754073,22.04380038856461
random_structured,active_adaptive_bisection,10000,0.0004871663145925,9.967622486860378e-06,3.566867898089458e-06,0.000252,6.562169531909187e-05,2.348242208815855e-05,9795.466666666667,176.64024092104177,63.20989841685978
random_structured,active_adaptive_bisection,25000,0.00024228703473746575,4.895454873676977e-06,1.7518160281935026e-06,0.000129,4.08825061651659e-05,1.462961694488352e-05,18075.6,1510.5515229373266,540.5439203458832
random_structured,active_adaptive_bisection,50000,0.00012153973992419864,5.267409700561709e-07,1.8849183535778648e-07,6.2e-05,2.9641536560292758e-05,1.0607087632615137e-05,19342.9,1636.4308165154368,585.5892470413735
random_structured,active_adaptive_bisection,100000,6.06994480034937e-05,3.0566742147681155e-07,1.0938168200036198e-07,3.633333333333333e-05,1.7317189652806382e-05,6.196876731552248e-06,20610.2,1762.3101100935473,630.6345737368637
random_structured,uniform,100,0.48844408718750415,0.02698846956800608,0.009657699802293243,0.3616816666666667,0.05421342651380574,0.01940002552588991,100.0,0.0,0.0
random_structured,uniform,200,0.6710093718051131,0.3838965913019751,0.13737563089954977,0.38270566666666667,0.08171338018503684,0.029240757563862355,200.0,0.0,0.0
random_structured,uniform,500,0.7242081701258566,0.5448175949159332,0.1949604724879634,0.21326166666666665,0.08929943248394147,0.0319553915153247,500.0,0.0,0.0
random_structured,uniform,1000,0.32213549240431794,0.17935286115242705,0.0641805971001005,0.15069899999999997,0.038555961867359,0.013797073760160202,1000.0,0.0,0.0
random_structured,uniform,2000,0.1479952709032727,0.08041119299840498,0.028774775863670214,0.070537,0.012911658765199983,0.004620377750199428,2000.0,0.0,0.0
random_structured,uniform,5000,0.05508340238796294,0.01749948872402602,0.006262111616384814,0.017912333333333332,0.0045409840064821235,0.0016249702574320237,5000.0,0.0,0.0
random_structured,uniform,10000,0.018637266078150926,0.00693383045189055,0.002481239360965573,0.005443000000000001,0.0016366790387434148,0.0005856780722248848,10000.0,0.0,0.0
random_structured,uniform,25000,0.0060744065241816,0.0018815464307268854,0.0006733027430935983,0.0018293333333333334,0.0004359921964924359,0.00015601780379788618,25000.0,0.0,0.0
random_structured,uniform,50000,0.0032310317116139037,0.0010172904836542242,0.00036403272434940264,0.0012266666666666667,0.00028707001829222575,0.00010272668674002084,50000.0,0.0,0.0
random_structured,uniform,100000,0.0020350190947605873,0.00045727483890320957,0.00016363369957459478,0.0008879999999999999,0.00015933915249316904,5.7018783434652616e-05,100000.0,0.0,0.0
resource_allocation,active_adaptive_bisection,100,0.03257011140332189,0.0,0.0,0.024552333333333336,0.0006036879950788312,0.00021602697463183243,84.0,0.0,0.0
resource_allocation,active_adaptive_bisection,200,0.030103901031089737,0.000660590278641435,0.0002363891952952842,0.018868333333333334,0.0010120483950992602,0.00036215686705140683,189.0,0.0,0.0
resource_allocation,active_adaptive_bisection,500,0.014995560728681473,0.0004504619330381475,0.00016119573252128502,0.008487999999999999,0.0004502290604753893,0.00016111240014492917,480.0,0.0,0.0
resource_allocation,active_adaptive_bisection,1000,0.007613737823520484,0.00011910958913062097,4.2622819070915326e-05,0.004617,0.00019525668340364974,6.987170680249806e-05,999.0,0.0,0.0
resource_allocation,active_adaptive_bisection,2000,0.0038225278590176123,5.812807165199258e-05,2.0800863297807638e-05,0.002290666666666667,0.00014666248687879004,5.248249690350157e-05,1980.0,0.0,0.0
resource_allocation,active_adaptive_bisection,5000,0.0009571088603248051,1.1159154741125454e-05,3.99325223927802e-06,0.000525,5.137757460618195e-05,1.8385228953650832e-05,4968.0,0.0,0.0
resource_allocation,active_adaptive_bisection,10000,0.00048472954079353814,2.188704144749667e-06,7.832177194325042e-07,0.00029099999999999997,5.326252483429732e-05,1.9059749729996847e-05,9972.3,18.177572388276563,6.504760739324858
resource_allocation,active_adaptive_bisection,25000,0.00024340871997247104,0.0,0.0,0.000129,2.904811703791273e-05,1.0394735183747103e-05,20076.0,0.0,0.0
resource_allocation,active_adaptive_bisection,50000,0.00012200175837440153,0.0,0.0,7.166666666666667e-05,2.3937178316316365e-05,8.565809250888404e-06,21510.0,0.0,0.0
resource_allocation,active_adaptive_bisection,100000,6.0966602124401525e-05,0.0,0.0,2.8666666666666675e-05,1.8332810859848755e-05,6.560312112937697e-06,22944.0,0.0,0.0
resource_allocation,uniform,100,0.49640275800758166,1.6938038562251105e-16,2.0203997520952348e-17,0.33468333333333333,0.0017331142655552946,0.0006201869749460406,100.0,0.0,0.0
resource_allocation,uniform,200,0.7316287601076451,0.4428309718520158,0.1584650281309191,0.34300633333333336,0.10315877085024489,0.036914892055467864,200.0,0.0,0.0
resource_allocation,uniform,500,0.3644775724056446,0.17987356824941003,0.06436692974170931,0.15005333333333332,0.03171671780789663,0.011349681705028382,500.0,0.0,0.0
resource_allocation,uniform,1000,0.1933843689705831,0.055686111447778616,0.019927019061400743,0.11572233333333334,0.013926180673857405,0.004983419752709941,1000.0,0.0,0.0
resource_allocation,uniform,2000,0.10452990500645624,0.02537817051262546,0.009081461685878575,0.05785866666666666,0.00814029260396461,0.002912966297470804,2000.0,0.0,0.0
resource_allocation,uniform,5000,0.04220896042996925,0.006962867850896892,0.0024916302607509806,0.02222166666666667,0.0017446056432829488,0.0006242991116542297,5000.0,0.0,0.0
resource_allocation,uniform,10000,0.029777712326016937,0.0038463325133205662,0.0013763924130579931,0.017948000000000002,0.0007106014936366376,0.0002542854787416115,10000.0,0.0,0.0
resource_allocation,uniform,25000,0.02642435572857462,0.0016390885145299704,0.0005865402920617234,0.01729466666666667,0.0004988658401181441,0.0001785168482169625,25000.0,0.0,0.0
resource_allocation,uniform,50000,0.02539102149745601,0.0007094259992447736,0.00025386483347577686,0.017305666666666667,0.00048714993325593784,0.00017432436478985667,50000.0,0.0,0.0
resource_allocation,uniform,100000,0.024983481179034633,0.0005025097422292636,0.000179820801840915,0.017335,0.0004638723813797245,0.00016599459982907214,100000.0,0.0,0.0
