seed,budget,method,dH,R_pi,R_pi_lip
0,100,active,0.014789831497473174,0.009191485127580052,0.014519546434992401
0,100,uniform,0.6574481067452154,0.293542950603541,0.5556080451974408
0,200,active,0.003439836864364172,0.002444014651650176,0.005344557827247153
0,200,uniform,0.23563500044135158,0.16713826406552199,0.1083498048439721
0,500,active,0.0032123099529333884,0.0026989881903719502,0.004061905204754369
0,500,uniform,0.3904372656417959,0.31181398125633547,0.39612084611994597
0,1000,active,0.0009989386380351711,0.0005286036778378244,0.00029461448654505626
0,1000,uniform,0.18666243828131543,0.10283518137325016,0.15883246164573145
0,2000,active,0.0004030657051503509,0.00030472447310651054,0.0003825361634185287
0,2000,uniform,0.11427250688386281,0.08354425656556862,0.04969606625701933
0,5000,active,0.0002803195161904179,0.00012437733596184103,9.977241714749028e-05
0,5000,uniform,0.13098794660225788,0.05795361969141983,0.03849220557213287
0,10000,active,6.61540415533568e-05,6.840753477901257e-05,7.467097152923709e-05
0,10000,uniform,0.041886671469535876,0.03355078637570662,0.02500267549630342
0,25000,active,8.606304465378495e-05,9.328300197138078e-05,9.425720178273373e-05
0,25000,uniform,0.0703409947490311,0.04410420333206883,0.031841967374505065
0,50000,active,6.234976287015914e-05,7.462640157710462e-05,8.442064353705972e-05
0,50000,uniform,0.05507678265258352,0.03753707999328362,0.09690483557280354
0,100000,active,4.30815851947262e-05,4.353206758664436e-05,6.940229627297048e-05
0,100000,uniform,0.038165880675520826,0.02913539094906126,0.012397618609115466
1,100,active,0.005602731828721522,0.004409176559847265,0.002057226697183811
1,100,uniform,0.2490566193417057,0.20854969807401696,0.14619672987248383
1,200,active,0.002054489740622632,0.0016417808346963017,0.0015866668129154876
1,200,uniform,0.14073623547488828,0.11040976113332629,0.18996776362445797
1,500,active,0.0005185326893923786,0.00045397727626071975,0.0004890937622089434
1,500,uniform,0.06302457993113626,0.05451458635207492,0.036508097188076294
1,1000,active,0.0004645612345047638,0.0004291018090683516,0.0006892741534198415
1,1000,uniform,0.086808267757261,0.07565873346558791,0.08365887687649869
1,2000,active,0.00032877627739068743,0.0002922867395103264,0.0002370419628681652
1,2000,uniform,0.09321083123994582,0.08016119302740654,0.2218091264389763
1,5000,active,0.00014857284127075404,0.00011815846916374898,0.00014515297516381307
1,5000,uniform,0.06942524610273432,0.04916014203891767,0.026545424324038492
1,10000,active,8.50478995176923e-05,0.00012437733596184103,0.0001265258254037538
1,10000,uniform,0.053849671805710334,0.062114041579343415,0.10696257830253003
1,25000,active,9.206112579278336e-05,8.706413517328872e-05,0.00016064241049160426
1,25000,uniform,0.07524334273826963,0.046821848122835054,0.06390642113439039
1,50000,active,4.6311056547287954e-05,5.596980118282847e-05,8.499024799624181e-05
1,50000,uniform,0.04090896065120029,0.029191360750244092,0.03556890624890453
1,100000,active,7.44534794612714e-05,5.596980118282847e-05,2.447407164909928e-05
1,100000,uniform,0.06595817215529653,0.03484431066970976,0.0413459622138044
2,100,active,0.003676143304006778,0.002070882643764653,0.006502853360925208
2,100,uniform,0.16341453624784674,0.0961498995653012,0.0894196359523281
2,200,active,0.006484795472054609,0.006007425326956922,0.007119625218750219
2,200,uniform,0.44422013141082534,0.31728036517185837,0.23856458149649518
2,500,active,0.0014103955276114077,0.0007960149501557827,0.0008699204735754651
2,500,uniform,0.1714252302369356,0.10649187505052829,0.030755492670156422
2,1000,active,0.0005740967007410933,0.00029850560630841847,0.000444470034494561
2,1000,uniform,0.10727614879365235,0.05365016386714013,0.13523158400126137
2,2000,active,0.00034937367591515224,0.00031716220670269463,0.0001591988846257742
2,2000,uniform,0.09905036641893558,0.07749329917102506,0.09541722082959027
2,5000,active,0.00029123181604148035,0.0001679094035484854,9.469773602046202e-05
2,5000,uniform,0.1360870555391769,0.0748751562490283,0.06547176220212239
2,10000,active,6.725313872023132e-05,8.706413517328872e-05,0.00035445467092032915
2,10000,uniform,0.04258258544336432,0.04552210496203382,0.05266164207828688
2,25000,active,6.381874277491123e-05,8.706413517328872e-05,3.92092132335241e-05
2,25000,uniform,0.052160295612100616,0.038115434605506184,0.04004448243625845
2,50000,active,6.59805502789387e-05,7.462640157710462e-05,0.00010649619477197816
2,50000,uniform,0.058284045675974505,0.05088898700878726,0.031670390172709666
2,100000,active,4.17528458789701e-05,5.596980118282847e-05,3.759360971467755e-05
2,100000,uniform,0.036988753465663694,0.030155285103948357,0.03185558134600742
3,100,active,0.005041362055990358,0.004875591569704169,0.005148363804308209
3,100,uniform,0.22410221101533814,0.2214973787476446,0.15196814869909986
3,200,active,0.0047923672936750344,0.004682806698963315,0.004645854989124955
3,200,uniform,0.3282857629264243,0.3166398218916549,0.4024393877221662
3,500,active,0.0021586352699170547,0.0017288449698695905,0.001753593114012644
3,500,uniform,0.262369343137248,0.21902226976200398,0.2025217767297995
3,1000,active,0.00039743925923235073,0.00041666407547216744,0.00048254245664154617
3,1000,uniform,0.07426580409678094,0.07200825865510786,0.06185908010595279
3,2000,active,0.00012274248673203175,0.00012437733596184103,6.950543009593573e-05
3,2000,uniform,0.034798524113583314,0.018743664529449443,0.030910663364261192
3,5000,active,0.00031322649857898344,0.00026119240551986616,0.000681168245255592
3,5000,uniform,0.14636474986788095,0.12452036989819715,0.2810009865678781
3,10000,active,0.00010824710654359915,8.706413517328872e-05,0.00010256722725772086
3,10000,uniform,0.06853868460417001,0.03775474033121685,0.037497769307259815
3,25000,active,7.474814509265959e-05,8.706413517328872e-05,0.0001309041511961209
3,25000,uniform,0.06109310799557744,0.04661040665169993,0.03138282165713806
3,50000,active,4.695155819919658e-05,5.596980118282847e-05,9.332740089723126e-05
3,50000,uniform,0.04147474901427055,0.030205036038333095,0.03601937900252038
3,100000,active,1.8699863955105867e-05,1.8656600394276155e-05,1.6248751038117945e-05
3,100000,uniform,0.01656616796089814,0.008619349382155583,0.018805644744197658
4,100,active,0.008281262752891372,0.0041479841543273985,0.0032334069820797885
4,100,uniform,0.36812458068087467,0.20832581886928564,0.1304888206379804
4,200,active,0.003877352146200108,0.003495003140527733,0.006334623082343242
4,200,uniform,0.26560558267928247,0.2503840150247822,0.34385000505026575
4,500,active,0.0007575625062896281,0.0007338262821748621,0.0006882006246178016
4,500,uniform,0.09207723969425195,0.08761139545152083,0.10939368866719235
4,1000,active,0.000767620161054812,0.0006281055466072972,0.0004190007119320602
4,1000,uniform,0.14343809067013047,0.11936492932257883,0.149217659846109
4,2000,active,0.0001889821445955469,0.00010572073556756488,0.00014715974502386867
4,2000,uniform,0.05357802249925142,0.03164781313549045,0.015953827855115107
4,5000,active,0.00012036400772670869,9.328300197138078e-05,0.00011707566071450944
4,5000,uniform,0.05624379790323806,0.03812787233910237,0.036907528498766856
4,10000,active,6.801073648385336e-05,4.353206758664436e-05,3.937198269627181e-05
4,10000,uniform,0.0430622726685718,0.021716282858937445,0.022333410827719065
4,25000,active,2.5456693660573515e-05,3.109433399046026e-05,2.2766220756818606e-05
4,25000,uniform,0.020806249213146485,0.016162834808241242,0.021982923368187024
4,50000,active,6.650710707012397e-05,7.462640157710462e-05,0.00012763538146164945
4,50000,uniform,0.058749180627770535,0.04345744118506726,0.02495176719142069
4,100000,active,3.120007684526138e-05,3.731320078855231e-05,4.742984025568723e-05
4,100000,uniform,0.027640078807666855,0.02485681059197393,0.017935849454642768
5,100,active,0.009059709996749973,0.005360663179955348,0.0051653852990378
5,100,uniform,0.40272867111715094,0.21940162063668758,0.2865088163166012
5,200,active,0.003228877910845765,0.001915410973812352,0.0013514036568171143
5,200,uniform,0.2211839334095429,0.13070192349550064,0.11591557534638836
5,500,active,0.0008176389006670667,0.0007400451489729541,0.0012950997787810556
5,500,uniform,0.0993791699232851,0.0855218562073619,0.2063732323575194
5,1000,active,0.00041736804451348447,0.00024253580512559003,0.00022613756239984426
5,1000,uniform,0.07798971216372289,0.04371863359058712,0.0917964863262022
5,2000,active,0.00036314367045212764,0.00019900373753894567,0.0002938385288483166
5,2000,uniform,0.10295427532364082,0.053600412932755394,0.07060926016547751
5,5000,active,6.566830180988054e-05,6.218866798092052e-05,5.356563125101364e-05
5,5000,uniform,0.030685541013500656,0.016150397074645058,0.023609369736771815
5,10000,active,8.185099125337936e-05,6.840753477901257e-05,3.0776062130650097e-05
5,10000,uniform,0.05182548941200692,0.02491899925995485,0.02108041922998084
5,25000,active,5.7196051239383205e-05,8.706413517328872e-05,8.281545959144041e-05
5,25000,uniform,0.04674744143759911,0.042002226354313714,0.01526292374756673
5,50000,active,1.108894175223113e-05,1.2437733596184104e-05,1.777950756023731e-05
5,50000,uniform,0.009795437971556901,0.007288511887363885,0.005136207510143708
5,100000,active,5.901749120602873e-05,4.9750934384736417e-05,4.383643836179157e-05
5,100000,uniform,0.05228346443044446,0.028625443871617712,0.029393341485069373
6,100,active,0.004377872282164949,0.0031778409338250385,0.0064239484724334895
6,100,uniform,0.1946082917830025,0.13725660910068968,0.08611669686160213
6,200,active,0.0022356270565078687,0.0016169053675039334,0.002682820321961054
6,200,uniform,0.1531444667926987,0.11551545077455987,0.26761087111844506
6,500,active,0.0008989435554199801,0.0005596980118282846,0.0003451845885108897
6,500,uniform,0.10926126958078551,0.06825828197585836,0.07225228446247975
6,1000,active,0.0008225358878623593,0.0006965130813863098,0.0006422136727805542
6,1000,uniform,0.15369968540236503,0.12202038544536414,0.1709298620624021
6,2000,active,0.00046487065546835395,0.00031094333990460256,0.00030755636651690884
6,2000,uniform,0.13179472849790236,0.07786643117891058,0.065810307591992
6,5000,active,0.0002024058942755591,0.00016169053675039335,0.00017882538250026003
6,5000,uniform,0.09458040179171356,0.07312765467876443,0.10399746377215041
6,10000,active,7.352373641600281e-05,8.084526837519668e-05,0.00010289437546388785
6,10000,uniform,0.046552931917025656,0.03831443834304513,0.055609301693791025
6,25000,active,9.74367219532743e-05,9.328300197138078e-05,8.791337027933052e-05
6,25000,uniform,0.07963692168743725,0.04276092810368095,0.03597163116786242
6,50000,active,5.111224708420625e-05,6.218866798092052e-05,3.0110813151587105e-05
6,50000,uniform,0.045150101523364974,0.03934677023152841,0.06945111528438876
6,100000,active,6.458031983197499e-05,8.084526837519668e-05,0.00012169186679655463
6,100000,uniform,0.05721156195973624,0.04017387951567465,0.050003856262158704
7,100,active,0.005728958357129561,0.0025932674548043854,0.0010545281531586194
7,100,uniform,0.25466773074193205,0.10276677383847116,0.07323637953585656
7,200,active,0.001132741440613337,0.000721388548578678,0.000751802855763037
7,200,uniform,0.07759482219172076,0.04963899478237076,0.04498208898699787
7,500,active,0.0016870783685706775,0.0010945205564642012,0.001492636032769567
7,500,uniform,0.20505439225958683,0.13301534194439088,0.10718154395135639
7,1000,active,0.0008487755553894388,0.0006218866798092051,0.001050242540520046
7,1000,uniform,0.1586028497548194,0.12062735928259152,0.11135468470849288
7,2000,active,0.00020078462161620542,0.00019900373753894567,0.00010762958830372898
7,2000,uniform,0.05692412369158514,0.052854148916984346,0.05479355236070126
7,5000,active,0.0001832570014380086,0.00017412827034657744,0.0002603415527184509
7,5000,uniform,0.08563249054176347,0.0629100565294992,0.12053864425112461
7,10000,active,3.087196520799862e-05,3.731320078855231e-05,2.3675825485418247e-05
7,10000,uniform,0.019547163467589015,0.012692707134905877,0.017003870953793895
7,25000,active,3.6109956062520265e-05,4.353206758664436e-05,5.1861970965991925e-05
7,25000,uniform,0.029513367090364416,0.018905355066199836,0.009654788206631636
7,50000,active,2.7107831774761595e-05,4.353206758664436e-05,7.903780055723725e-05
7,50000,uniform,0.02394575520603562,0.014123046498467049,0.01908850165203481
7,100000,active,8.310134289005178e-05,0.00010572073556756488,9.007888776689811e-05
7,100000,uniform,0.07361929516701311,0.060888924820119275,0.07933306659274945
8,100,active,0.006745539240944218,0.005441508448330545,0.004561319198765233
8,100,uniform,0.2998575070778864,0.23062667520724373,0.2508289940105721
8,200,active,0.0070899993851307255,0.004583304830193842,0.0049987504708507826
8,200,uniform,0.4856776859251595,0.350426925205689,0.20081847882419035
8,500,active,0.0009227026722569246,0.00072760741537677,0.00047773987573847905
8,500,uniform,0.11214904963557876,0.0816039701245639,0.15533902884320508
8,1000,active,0.001094091518378479,0.0007587017493672303,0.00019147870172905198
8,1000,uniform,0.2044427783123107,0.14186478939807587,0.08278341036887674
8,2000,active,0.00043569850026693615,0.0004228829422702595,0.0002998152783402146
8,2000,uniform,0.12352417790658783,0.10368094725779069,0.13459544333367443
8,5000,active,0.00022449851879114,0.00013059620275993308,0.00016840201219562142
8,5000,uniform,0.10490386253282623,0.06512397310961997,0.10470155828921467
8,10000,active,9.755945733002761e-05,0.00014925280315420924,0.00012030287807139958
8,10000,uniform,0.06177159916421634,0.06970727793981381,0.07493716632258866
8,25000,active,3.2887172587898114e-05,5.596980118282847e-05,2.8762603294198906e-05
8,25000,uniform,0.02687932368206832,0.014508616239948757,0.036892220272647484
8,50000,active,6.106004219262438e-05,5.596980118282847e-05,2.434484217113513e-05
8,50000,uniform,0.0539375054176949,0.037959962935553884,0.027950294128584047
8,100000,active,6.206017685518207e-05,8.706413517328872e-05,0.00010914817733225926
8,100000,uniform,0.054978972891806546,0.05123102468268232,0.08286323711185477
9,100,active,0.005435275819123939,0.0039054483492018083,0.003343079953686372
9,100,uniform,0.24161274572544303,0.18953240340545147,0.2460291212217422
9,200,active,0.003507370195288104,0.002991274929882277,0.006716669718181788
9,200,uniform,0.24026115484620825,0.20017910336378505,0.39486006493845544
9,500,active,0.0008229310507828707,0.0006529810137996655,0.0005428573617482285
9,500,uniform,0.10002239945308042,0.07906045360414425,0.15099526848559167
9,1000,active,0.0009081385717309674,0.0006218866798092051,0.0009664435597510477
9,1000,uniform,0.16969546841239347,0.12052163854702397,0.2055830804625208
9,2000,active,0.0005358711022512599,0.0003358188070969708,0.00047006936468090276
9,2000,uniform,0.15192395045870627,0.09654168817358101,0.020252766847147323
9,5000,active,0.00010374038784165956,0.00013681506955802515,0.00018232826902531485
9,5000,uniform,0.04847589838828943,0.0431900299127493,0.04391036977261309
9,10000,active,0.00016581363469000228,0.00012437733596184103,0.00012269625369175805
9,10000,uniform,0.10498801098685029,0.07446471104035422,0.10399667828827
9,25000,active,7.581928461680709e-05,6.840753477901257e-05,4.325849148664279e-05
9,25000,uniform,0.06196857109298737,0.02697744417012332,0.01857806546894973
9,50000,active,5.006120193789175e-05,6.840753477901257e-05,6.338108367499331e-05
9,50000,uniform,0.04422165877680817,0.043805697725760415,0.04510295043483214
9,100000,active,5.423591872263239e-05,8.084526837519668e-05,8.430214040914471e-05
9,100000,uniform,0.048047479983289856,0.03942761549990361,0.025238376688540908
10,100,active,0.004769344605071342,0.004048482285557925,0.0032251589937778193
10,100,uniform,0.2120102978560225,0.16263580450370332,0.16072914498398244
10,200,active,0.0036791841461054804,0.0024253580512559,0.0033585861266262414
10,200,uniform,0.25203071891946127,0.1623497366309911,0.24899337799683297
10,500,active,0.0032695002678910564,0.0026865504567757663,0.0033628453263413413
10,500,uniform,0.3973884099960004,0.24507310277921157,0.41778214945761283
10,1000,active,0.0007124657501761875,0.0003358188070969708,0.0002992597298877776
10,1000,uniform,0.13313189524975008,0.07228188879422391,0.10495196885913463
10,2000,active,0.00020222312405839265,0.0002176603379332218,0.00022587791275682537
10,2000,uniform,0.05733195119494371,0.052120322634809486,0.050286921726421734
10,5000,active,9.824806453342244e-05,9.328300197138078e-05,0.0001462749192668249
10,5000,uniform,0.045909440790201934,0.03573982748863502,0.03715740356574613
10,10000,active,5.209857917644334e-05,8.706413517328872e-05,9.089296338721627e-05
10,10000,uniform,0.032987191995399165,0.027530923315153513,0.06635118939226532
10,25000,active,0.00010143163376110514,0.00012437733596184103,0.0002267341201445956
10,25000,uniform,0.08290204055041171,0.08108780418032226,0.02640629555287188
10,50000,active,6.372736306085869e-05,9.328300197138078e-05,8.333715923893304e-05
10,50000,uniform,0.05629368842406885,0.05001212679025628,0.050813233736536345
10,100000,active,3.109086189862628e-05,2.4875467192368208e-05,3.723445031180637e-05
10,100000,uniform,0.027543325528919495,0.017543423237417678,0.029558351020886546
11,100,active,0.004943087156130718,0.0035323163413162853,0.0017064379075907039
11,100,uniform,0.2197336252836946,0.15442068146342375,0.12802700751813054
11,200,active,0.003504527129985252,0.002885554194314712,0.0036298680996121437
11,200,uniform,0.24006639976906075,0.2091529281534319,0.1042156854275281
11,500,active,0.0012601830990496068,0.000721388548578678,0.0005813162975083095
11,500,uniform,0.15316779844100992,0.0768340992904273,0.06751815037437758
11,1000,active,0.0006275763279611699,0.0005348225446359165,0.0006042398221029312
11,1000,uniform,0.11726939285808932,0.09758645779566047,0.08644430780647808
11,2000,active,0.0006451462663898601,0.0005037282106454562,0.00036810519785742416
11,2000,uniform,0.18290437570129103,0.1284693503149856,0.051421095754295966
11,5000,active,0.00014687325469409294,0.00013059620275993308,0.00012207450976201652
11,5000,uniform,0.06863106181341483,0.05728198207722589,0.0173954484393393
11,10000,active,0.00012787518350571708,9.950186876947283e-05,0.00011342044529383422
11,10000,uniform,0.08096656946179875,0.06490631277168675,0.10733590737641165
11,25000,active,8.76092146687679e-05,5.596980118282847e-05,6.548864561804741e-05
11,25000,uniform,0.07160470947518785,0.03707066498342672,0.06522162710455293
11,50000,active,2.1823343222718283e-05,3.109433399046026e-05,8.062189739463827e-05
11,50000,uniform,0.019277692105017473,0.011511122443268388,0.02138456583191799
11,100000,active,5.760988716998344e-05,0.00010572073556756488,0.00013377512034656075
11,100000,uniform,0.05103647114007182,0.05614392945317504,0.038632836126439106
12,100,active,0.0064600246919453985,0.003495003140527733,0.0035559005080847152
12,100,uniform,0.28716561131696916,0.15096921039048264,0.1775267140241253
12,200,active,0.0034473990080954708,0.0024564523852463604,0.006900583641805789
12,200,uniform,0.23615302086258663,0.16263580450370332,0.24814125308496124
12,500,active,0.0022103599087570677,0.0014614336975516322,0.000954681489182588
12,500,uniform,0.2686561669029779,0.18649137754118444,0.0789864693110213
12,1000,active,0.0006813637924420052,0.00034203767389506286,0.00039649027463247805
12,1000,uniform,0.1273201596285991,0.06113767949204296,0.019498883076892008
12,2000,active,0.0005690692349989085,0.0005907923458187449,0.0008996848857727169
12,2000,uniform,0.16133589943987625,0.17060839173885733,0.37302475177419203
12,5000,active,0.00013723344680224316,0.00012437733596184103,0.00010230560728000001
12,5000,uniform,0.06412656402262375,0.05221360563678087,0.02739561242210571
12,10000,active,9.780923467028746e-05,9.328300197138078e-05,5.9635277375179304e-05
12,10000,uniform,0.06192975036929753,0.04583304830193842,0.06800730301755643
12,25000,active,6.66191878463257e-05,7.462640157710462e-05,5.4522474889466486e-05
12,25000,uniform,0.05444915365630756,0.03493137480488306,0.03973761458955318
12,50000,active,3.935643294128593e-05,4.353206758664436e-05,5.419786746950596e-05
12,50000,uniform,0.03476558054603022,0.02724485544244128,0.05583529646845382
12,100000,active,4.465888205588686e-05,6.840753477901257e-05,7.463479179002565e-05
12,100000,uniform,0.03956320446291427,0.03651096697159843,0.028062493910272705
13,100,active,0.0032391473958007172,0.0022761052481016907,0.0025098396757465735
13,100,uniform,0.1439888833893537,0.10019838185085914,0.09718968713928117
13,200,active,0.0015931007925079899,0.0010385507552813727,0.0010978984994945353
13,200,uniform,0.10913026423859878,0.07180925491756893,0.08969849776117987
13,500,active,0.0021614316429333785,0.0014738714311478163,0.002521165576311536
13,500,uniform,0.26270922572958416,0.16551513983121996,0.1867204981609879
13,1000,active,0.0006474960199281815,0.00029850560630841847,0.0002770518607922575
13,1000,uniform,0.12099160174140741,0.059906343866020735,0.11738927669050771
13,2000,active,0.00014916449073608395,0.00017412827034657744,0.00042065860286943186
13,2000,uniform,0.04228938378201532,0.0350495332740468,0.032638217758348395
13,5000,active,0.00021567756074895167,0.0001927848707408536,0.00011022645397433547
13,5000,uniform,0.1007819976098624,0.08866238394039838,0.21212587648264844
13,10000,active,9.474282151807067e-05,0.00012437733596184103,0.00010469672164587849
13,10000,uniform,0.05998819340197213,0.061063053090465856,0.05034989710591661
13,25000,active,0.0001572955635675486,0.00010572073556756488,4.1062348919076304e-05
13,25000,uniform,0.12856071331731045,0.08632409002431576,0.053746468406311115
13,50000,active,1.772487331293321e-05,3.109433399046026e-05,3.315628870585626e-05
13,50000,uniform,0.015657300847051053,0.014029763496495668,0.017647146064551904
13,100000,active,7.510558357674835e-05,7.462640157710462e-05,4.58758037990543e-05
13,100000,uniform,0.0665358697434007,0.04304699597639318,0.04778060348117748
14,100,active,0.0024754462831848567,0.0011940224252336739,0.0016373190858309462
14,100,uniform,0.11004029846502247,0.04723851219830722,0.034620386593545716
14,200,active,0.0041575806983364175,0.0028420221267280677,0.003392230753992328
14,200,uniform,0.2848017415699525,0.2206391751295079,0.15543604823367901
14,500,active,0.0011006911362842603,0.0006529810137996655,0.0005510288388925834
14,500,uniform,0.13378249417512034,0.08068979670524437,0.09205008283666259
14,1000,active,0.001164178718234446,0.0010136752880890044,0.0016669998611866781
14,1000,uniform,0.21753932610744425,0.1945074968439251,0.23406525837327513
14,2000,active,0.0005070044223852085,0.00024875467192368207,0.00012681862558853524
14,2000,uniform,0.14374000468618844,0.08208282286801699,0.07859871465109243
14,5000,active,7.235726658967073e-05,8.706413517328872e-05,0.00016791955215905398
14,5000,uniform,0.03381116627603895,0.028588130670829163,0.012915762791039722
14,10000,active,9.204841063582825e-05,0.00011193960236565693,9.482661805726347e-05
14,10000,uniform,0.05828217664499107,0.05096983227716245,0.024379412847661437
14,25000,active,9.031084996159039e-05,7.462640157710462e-05,0.0002010443153936896
14,25000,uniform,0.07381280837189702,0.04305321484319127,0.059102578487478775
14,50000,active,8.72468749324451e-05,0.00010572073556756488,8.092142501924989e-05
14,50000,uniform,0.07706969435924696,0.054719808956411965,0.03834480738456071
14,100000,active,3.659140181828252e-05,3.731320078855231e-05,6.166148436604496e-05
14,100000,uniform,0.032416241631659105,0.02983190403044757,0.034467616526232536
15,100,active,0.007470016632003411,0.005360663179955348,0.0060718348477620965
15,100,uniform,0.3320624912396722,0.2564163158189315,0.3529919573424018
15,200,active,0.0032240906113865523,0.0026554561227853063,0.003151105713189127
15,200,uniform,0.22085599480237375,0.18075758235334358,0.05474097216592652
15,500,active,0.0019437793167894138,0.0009017356857233475,0.000641833324579631
15,500,uniform,0.23625487346428362,0.119713185863272,0.16932580861470944
15,1000,active,0.0011947397978963048,0.0007089508149824939,0.0005840421000126641
15,1000,uniform,0.2232499928380976,0.11932761612179028,0.148000833569109
15,2000,active,0.0005801628594009692,0.0004975093438473641,0.00040124102941620975
15,2000,uniform,0.1644810349715064,0.12611239979850872,0.06485156867160284
15,5000,active,0.00016443680751980494,0.00018656600394276155,0.00017142796808202685
15,5000,uniform,0.07683817400791283,0.07810896698403617,0.11697138599692988
15,10000,active,0.0001063869217102561,9.950186876947283e-05,0.00014269896600944469
15,10000,uniform,0.0673608737077416,0.05133674541824989,0.13274867452385153
15,25000,active,5.472971422389172e-05,9.950186876947283e-05,6.509158342312186e-05
15,25000,uniform,0.04473165638426444,0.0248008407907911,0.02178600867141098
15,50000,active,3.928646941715741e-05,3.109433399046026e-05,1.431061307908961e-05
15,50000,uniform,0.034703778132802655,0.023575724031566967,0.01504290092189014
15,100000,active,4.6362065219780607e-05,5.596980118282847e-05,4.9152642900170105e-05
15,100000,uniform,0.041072050646495495,0.02958936822532198,0.03150622930752648
16,100,active,0.010550584082918334,0.008264873974664336,0.010800244314578007
16,100,uniform,0.4690020661530804,0.4038283344009055,0.1505949307752276
16,200,active,0.002298978497926145,0.0011815846916374897,0.0015792481007753773
16,200,uniform,0.15748415425904774,0.08236889074072923,0.11704433215183734
16,500,active,0.001326275738848172,0.0012313356260222263,0.0008607916950236986
16,500,uniform,0.16120096769929462,0.14572048681289296,0.25568941693518715
16,1000,active,0.0007405623489991908,0.00034203767389506286,0.00042703417527810287
16,1000,uniform,0.13838204720504288,0.06683416147909528,0.11146568102480554
16,2000,active,0.00017924789627811466,0.00016169053675039335,0.00015110097851995833
16,2000,uniform,0.05081828148520249,0.033152778900628725,0.020842277562609708
16,5000,active,0.0004548181180528133,0.0003482565406931549,0.00045148297096635263
16,5000,uniform,0.21252780459561357,0.1539729230539611,0.15182659222346534
16,10000,active,0.0001427338287078167,7.462640157710462e-05,6.958405232384924e-05
16,10000,uniform,0.09037459919735796,0.04400470146329936,0.09014211849107158
16,25000,active,0.00010092186330816488,9.950186876947283e-05,0.00011356466963787516
16,25000,uniform,0.08248539527719899,0.05756183108314003,0.05042124142856479
16,50000,active,7.111244044046006e-05,6.218866798092052e-05,9.563243583910745e-05
16,50000,uniform,0.06281731069593394,0.03737538945653323,0.031865681428750584
16,100000,active,7.314966012735014e-05,7.462640157710462e-05,5.422146066273997e-05
16,100000,uniform,0.06480312150209605,0.035086846474835356,0.029893676481753895
17,100,active,0.004682751265369184,0.003706444611662863,0.0034116877965996812
17,100,uniform,0.20816098914322947,0.15761096013084497,0.1596881683403167
17,200,active,0.00443831567033201,0.0022761052481016907,0.0035899300000397324
17,200,uniform,0.30403259113011855,0.17280987058538194,0.38998626791911156
17,500,active,0.001689025207323197,0.0009701432205023601,0.001934299483047233
17,500,uniform,0.20529101898936603,0.10565232803278586,0.08849276181417051
17,1000,active,0.0005956690861602917,0.0004353206758664436,0.0007337392104049738
17,1000,uniform,0.11130718124006175,0.08970093469567976,0.037759992164044236
17,2000,active,0.0006768560489062228,0.00040422634187598335,0.0003569863889416401
17,2000,uniform,0.19189436491296769,0.12193954017698895,0.094360964648465
17,5000,active,4.462232774357341e-05,4.9750934384736417e-05,3.767517798591901e-05
17,5000,uniform,0.020851160001928756,0.012873054272050547,0.012067069945337938
17,10000,active,0.00011310435246370604,9.950186876947283e-05,0.0001525610091221378
17,10000,uniform,0.0716141409077496,0.05106311527913383,0.029259061135810407
17,25000,active,3.1689769474277374e-05,3.731320078855231e-05,4.8896877870542584e-05
17,25000,uniform,0.025900662905332633,0.01297255614082002,0.01326632672674419
17,50000,active,6.97001194421301e-05,7.462640157710462e-05,0.0001144532716103115
17,50000,uniform,0.061569734232477843,0.051212368082288046,0.03790086216524964
17,100000,active,7.596577380881292e-05,0.00011815846916374898,0.00017158072459020672
17,100000,uniform,0.06729791036017244,0.06894235732364848,0.10428285296941676
18,100,active,0.01323472144081928,0.009110639859204855,0.0069817316694258304
18,100,uniform,0.5883192486711926,0.41285812899173513,0.7129595353052153
18,200,active,0.0029585871002669787,0.0018843166398218917,0.0026277080461680545
18,200,uniform,0.20266852765590185,0.13184619498634959,0.4052279330010089
18,500,active,0.0010320943667627355,0.0007587017493672303,0.0009661050045674512
18,500,uniform,0.1254449627674312,0.08956411962612172,0.04923623643175226
18,1000,active,0.0008920129076742113,0.0005907923458187449,0.00044179008825696577
18,1000,uniform,0.1666822144875366,0.11075179880722134,0.2057913850832975
18,2000,active,0.0003013257606036407,0.0002736301391160503,0.0002372319776241209
18,2000,uniform,0.08542837957403274,0.07669728422086927,0.0536390877302668
18,5000,active,0.0002698335210529058,0.00015547166995230128,0.00020310012395105195
18,5000,uniform,0.1260880417015694,0.07439630350557522,0.04951207514461318
18,10000,active,9.309102154785032e-05,0.00010572073556756488,5.990990049928581e-05
18,10000,uniform,0.058942325287784814,0.04543504082686053,0.10473440980777364
18,25000,active,6.33183905683829e-05,6.840753477901257e-05,5.052067753902884e-05
18,25000,uniform,0.05175134805428198,0.030727420849372827,0.03278319375575562
18,50000,active,1.823508150511355e-05,3.109433399046026e-05,2.8195657115146212e-05
18,50000,uniform,0.01610799423251092,0.008737507851319333,0.01231378140535996
18,100000,active,1.0688522117489885e-05,3.731320078855231e-05,5.3224867616333714e-05
18,100000,uniform,0.009468938013551732,0.007947711767961642,0.0027162345300933465
19,100,active,0.0072727935099324535,0.006162896996909223,0.0038550895276078267
19,100,uniform,0.3232953887724081,0.26159041299494407,0.31493775915674793
19,200,active,0.004795033365567574,0.0032835616693926034,0.010066646533479634
19,200,uniform,0.32846839363722363,0.22214414089464618,0.48823977693455367
19,500,active,0.0018760409215141521,0.0010447696220794646,0.0011228194153106348
19,500,uniform,0.22802167236670498,0.10970702918514189,0.18318708258173252
19,1000,active,0.00032612560539577867,0.0002860678727122344,0.00021734084392006155
19,1000,uniform,0.060940080172385065,0.061181211559629606,0.06666615752043262
19,2000,active,0.0005538518544483256,0.0002798490059141423,0.0001342588067479504
19,2000,uniform,0.157021644464838,0.0798813440214924,0.07440480634716752
19,5000,active,0.00014279319055060524,0.00014925280315420924,0.00013866324740364263
19,5000,uniform,0.06672452590244848,0.0639983582191653,0.10027411568501969
19,10000,active,0.00013341192280625364,0.00013059620275993308,0.0002706277658128344
19,10000,uniform,0.0844722597363424,0.0800430345582428,0.08867876206464934
19,25000,active,3.583519248942513e-05,6.840753477901257e-05,8.418587863277353e-05
19,25000,uniform,0.02928879749574101,0.018009838247274583,0.006001734350890979
19,50000,active,8.53053882568025e-05,5.596980118282847e-05,4.277603953711589e-05
19,50000,uniform,0.07535467837948603,0.03733807625574468,0.04750145295635777
19,100000,active,6.485659066083477e-05,7.462640157710462e-05,5.7205783860023506e-05
19,100000,uniform,0.05745630967364677,0.042213667825448845,0.03629050683559549
20,100,active,0.00927073729821909,0.004707682166155683,0.007341492368591547
20,100,uniform,0.41210940678314545,0.23960671886368867,0.2853536128008611
20,200,active,0.0033484165876066854,0.0022450109141112307,0.002749881206400301
20,200,uniform,0.2293725473647917,0.14746798838315683,0.14241143897338318
20,500,active,0.002326659303609188,0.0014800902979459083,0.00183752047933381
20,500,uniform,0.2827916701349658,0.17167181796133107,0.2426357531869652
20,1000,active,0.0007397531787394753,0.0004726338766549959,0.0012958362196794002
20,1000,uniform,0.13823084503114785,0.08096964571115851,0.1733188675735825
20,2000,active,0.00035163109573002616,0.00023631693832749796,0.00033283926141286166
20,2000,uniform,0.09969036386362917,0.06383666768241492,0.05127580362091207
20,5000,active,0.00021629438893299574,0.00016169053675039335,9.168117021091053e-05
20,5000,uniform,0.1010702296185851,0.06629312006766128,0.05491794026556467
20,10000,active,9.626268466462334e-05,0.00012437733596184103,9.830556804972357e-05
20,10000,uniform,0.060950523243041024,0.0528168357161958,0.032105357306661295
20,25000,active,7.632312522265718e-05,7.462640157710462e-05,5.7702775212276564e-05
20,25000,uniform,0.06238036978723785,0.051392715219432714,0.05114002545196262
20,50000,active,4.631816216194018e-05,4.353206758664436e-05,4.210130743901535e-05
20,50000,uniform,0.04091523740959485,0.022960056218555853,0.02199909635897793
20,100000,active,2.5123537099706453e-05,4.9750934384736417e-05,3.110541897655971e-05
20,100000,uniform,0.02225688573805874,0.022014788465245863,0.028038554052267038
21,100,active,0.01283844447048138,0.008040994769933023,0.005935392226084354
21,100,uniform,0.5707036629939711,0.34586227697588945,0.9060059434881725
21,200,active,0.004679999101562325,0.0031218711326422097,0.0022925236186173066
21,200,uniform,0.3205883400421019,0.24329450687495724,0.20328443194769782
21,500,active,0.0023268163897835407,0.00190919210701426,0.0016622108137072957
21,500,uniform,0.28281076302989583,0.23943259059334207,0.14416439960697874
21,1000,active,0.0012061415264689947,0.0010447696220794646,0.0006974834144745318
21,1000,uniform,0.22538052856367183,0.2147747837389071,0.22533332214406077
21,2000,active,0.0005847499651488691,0.0004104452086740754,0.0007715446336008145
21,2000,uniform,0.16578151791128545,0.1194022425233674,0.10922840137885444
21,5000,active,9.533841738871424e-05,6.840753477901257e-05,3.964449397127369e-05
21,5000,uniform,0.04454981834935523,0.022045882799236322,0.029985600213186022
21,10000,active,8.987175057832473e-05,8.084526837519668e-05,0.00012522041181060075
21,10000,uniform,0.05690398352805489,0.05073351533883496,0.10401141206683796
21,25000,active,4.826022970041283e-05,6.840753477901257e-05,7.189009894441737e-05
21,25000,uniform,0.039444021270681355,0.026871723434555756,0.016960615312667446
21,50000,active,3.7501347742286835e-05,4.353206758664436e-05,5.799405296526092e-05
21,50000,uniform,0.03312688747645127,0.02019266049340489,0.014456035739568038
21,100000,active,3.2071510940000214e-05,4.353206758664436e-05,1.4759439881203547e-05
21,100000,uniform,0.028412080337549404,0.02076479623882936,0.009767196377856129
22,100,active,0.003994852454794645,0.002444014651650176,0.002472683283503449
22,100,uniform,0.17758202205210644,0.11126796475146299,0.12744548455352378
22,200,active,0.00360877128757299,0.002736301391160503,0.0028196406394491503
22,200,uniform,0.24720731170406124,0.18124887283039284,0.495323160118408
22,500,active,0.0007799603444288983,0.0006902942145882178,0.0014155070248818929
22,500,uniform,0.09479956437883194,0.08208904173481509,0.033095464725920586
22,1000,active,0.0004363026791385505,0.0002798490059141423,0.00035132049757310725
22,1000,uniform,0.0815278524783511,0.05306559038811948,0.02006297331485082
22,2000,active,0.0006142770432694539,0.00040422634187598335,0.0003159803774939307
22,2000,uniform,0.17415269212602696,0.13357503995621917,0.1273757036637682
22,5000,active,0.00027194776042879093,0.00016169053675039335,0.00013327603750152805
22,5000,uniform,0.12707598531050546,0.07116249277056735,0.2765382539885866
22,10000,active,0.0001981025814808903,0.00013059620275993308,0.00011783307229116862
22,10000,uniform,0.12543236290502172,0.09424070745828696,0.11154793299163675
22,25000,active,1.926973418143328e-05,2.4875467192368208e-05,2.5144368869897784e-05
22,25000,uniform,0.015749527295038628,0.010845703695872538,0.015798716797142214
22,50000,active,2.4900600699675845e-05,2.4875467192368208e-05,2.3896233076279515e-05
22,50000,uniform,0.021995993401150927,0.014869310514238095,0.01279393478905865
22,100000,active,1.6237005759547896e-05,1.8656600394276155e-05,3.1140195944572264e-05
22,100000,uniform,0.014384327353434881,0.0075310476924894745,0.005555597388245767
23,100,active,0.00378863435477763,0.0031716220670269463,0.0015816625947442234
23,100,uniform,0.16841506842887632,0.14651028289625065,0.23512450351939945
23,200,active,0.0024815214559665913,0.0018718789062257075,0.002601330020430458
23,200,uniform,0.16998867458790895,0.12085123848732283,0.22701972496694076
23,500,active,0.003414689600706479,0.0021268524449474815,0.0024055134787730665
23,500,uniform,0.41503531422858564,0.2696127511644828,0.36270749008996034
23,1000,active,0.0006267791308378484,0.0005410414114340085,0.0007147912816786093
23,1000,uniform,0.11712042799359848,0.10643590524934546,0.12936144149478146
23,2000,active,0.00024164099553980467,0.0002300980715294059,0.00011927738551142164
23,2000,uniform,0.06850724825609414,0.0690107648584275,0.06210236557912612
23,5000,active,0.00018483420357777626,0.00015547166995230128,0.00030054480976729947
23,5000,uniform,0.08636948692533133,0.0650120335072543,0.12047205205697789
23,10000,active,6.76519924232219e-05,9.328300197138078e-05,0.00015990833338599703
23,10000,uniform,0.04283512714194868,0.03471993333374793,0.051762192511575274
23,25000,active,5.62732548016337e-05,6.840753477901257e-05,6.503928408667161e-05
23,25000,uniform,0.0459932220204151,0.04395495052891462,0.06132459791046708
23,50000,active,6.066437932006271e-05,4.353206758664436e-05,3.283075221506624e-05
23,50000,uniform,0.053587995860106576,0.028731164607185278,0.02229348441377486
23,100000,active,5.3827407483780745e-05,8.706413517328872e-05,5.290106904621269e-05
23,100000,uniform,0.04768558078384774,0.045093003152965466,0.031516976505436674
24,100,active,0.00383702856333,0.003233810735007867,0.0029335043163380642
24,100,uniform,0.17056632220046392,0.1434879136323779,0.18492214007294816
24,200,active,0.003679281462694188,0.0019465053078028122,0.001610383161317868
24,200,uniform,0.25203738528049413,0.15058985951579903,0.18727283398509736
24,500,active,0.0013669119110735276,0.0006591998805977574,0.0011658161137552269
24,500,uniform,0.16614005396502518,0.07469480911188363,0.031065826976938257
24,1000,active,0.0012835521990657306,0.0009017356857233475,0.0011195676444509
24,1000,uniform,0.23984554607898745,0.1682079091547938,0.291541136223673
24,2000,active,0.00039513960520107944,0.00025497353872177414,0.00032884535057284124
24,2000,uniform,0.11202539109246537,0.06958911947065005,0.04443483738846634
24,5000,active,0.0002788342547979314,0.0001803471371446695,0.0001359272886566739
24,5000,uniform,0.13029391237088445,0.08809024819497391,0.18622143769889168
24,10000,active,0.00011752385471833936,0.00011815846916374898,5.2899086577361114e-05
24,10000,uniform,0.0744124316040091,0.055926269115241824,0.037919322838066524
24,25000,active,7.544479420044837e-05,9.328300197138078e-05,4.211787292222784e-05
24,25000,uniform,0.06166249281613154,0.05302205832053283,0.028157502102408073
24,50000,active,2.2607306753663864e-05,3.731320078855231e-05,4.611571279318391e-05
24,50000,uniform,0.01997020779416389,0.010472571687987015,0.007071210819464911
24,100000,active,3.878908506421003e-05,4.9750934384736417e-05,6.427910541909076e-05
24,100000,uniform,0.034363164339895405,0.023687663633932626,0.023574224785382986
25,100,active,0.016464164524696685,0.009029794590829658,0.015061002649309143
25,100,uniform,0.7318767490862159,0.36581240166416873,0.1238426731403018
25,200,active,0.007478860425010933,0.005180316042810679,0.006772167781167219
25,200,uniform,0.5123153652445057,0.19252367833533374,0.1362205454235041
25,500,active,0.0005674528129068421,0.00031716220670269463,0.00039140044810148205
25,500,uniform,0.06897053145503391,0.039079358959210456,0.06271246036293787
25,1000,active,0.0006038580202750235,0.0005223848110397323,0.0007895912235993474
25,1000,uniform,0.112837371734826,0.09087008165372105,0.15515520629720417
25,2000,active,0.00031715935003116813,0.00018656600394276155,0.00026262396714309453
25,2000,uniform,0.0899173349322806,0.05345116012960118,0.033212481630474876
25,5000,active,9.904431326393723e-05,9.328300197138078e-05,8.43555088932787e-05
25,5000,uniform,0.0462815125874608,0.03610052176292436,0.03538856610409249
25,10000,active,7.424733045364312e-05,9.328300197138078e-05,8.687251837520747e-05
25,10000,uniform,0.04701108904577236,0.0400557210465109,0.03612813701657621
25,25000,active,1.1188853817303834e-05,4.353206758664436e-05,2.7720533989834994e-05
25,25000,uniform,0.009144867123626887,0.006977568547459282,0.007351275185721036
25,50000,active,3.372997470417394e-05,3.731320078855231e-05,4.0154965802851744e-05
25,50000,uniform,0.02979543786765118,0.020497384966511403,0.01577921677573404
25,100000,active,5.61375197906111e-05,6.218866798092052e-05,4.3663397052820966e-05
25,100000,uniform,0.049732104147575014,0.029844341764043755,0.04468904007465164
26,100,active,0.00978636664205474,0.005317131112368704,0.0076776738031326406
26,100,uniform,0.4350305290383206,0.19546520233083128,0.2755784345538807
26,200,active,0.005583648585940779,0.0041790784883178585,0.00534711394868507
26,200,uniform,0.3824899519633756,0.2732694448417609,0.1696172060111563
26,500,active,0.0010220172898348992,0.0009763620873004521,0.0006248333954485101
26,500,uniform,0.12422015369885865,0.11763608435270925,0.08094838243389849
26,1000,active,0.00045620589936112843,0.0003295999402988787,0.0002358948889413506
26,1000,uniform,0.08524698343890261,0.06330806400457709,0.09744075596671198
26,2000,active,0.0002837876075703974,0.0002176603379332218,0.000254780902261222
26,2000,uniform,0.08045616614179257,0.05465140142163295,0.10226731419689249
26,5000,active,0.00022434783639303096,0.00013681506955802515,0.000314066450458151
26,5000,uniform,0.10483345153119068,0.05465140142163295,0.020000476845826922
26,10000,active,0.00011305442678003131,0.00013681506955802515,5.088011881307842e-05
26,10000,uniform,0.07158252952529372,0.0704970740231715,0.028158710184370696
26,25000,active,0.0001204025088801105,9.328300197138078e-05,0.00011061541416868588
26,25000,uniform,0.09840730454024468,0.07782911797812203,0.07411994892588405
26,50000,active,6.249973374560652e-05,9.950186876947283e-05,7.17863491285907e-05
26,50000,uniform,0.0552092597132273,0.054676276888825315,0.11272951095334854
26,100000,active,8.6352457241895e-05,7.462640157710462e-05,7.140969569337856e-05
26,100000,uniform,0.07649945015331584,0.04363778832221193,0.025606014536185433
27,100,active,0.0054659158241950456,0.0030285881306708292,0.003225687217153994
27,100,uniform,0.24297477701890524,0.13618074514461975,0.14621475655437272
27,200,active,0.0020612022644000416,0.0012437733596184102,0.001377150787184217
27,200,uniform,0.14119605540404093,0.07563385799839553,0.04209112312212009
27,500,active,0.000651088055381395,0.0005286036778378244,0.0004909447445221013
27,500,uniform,0.07913590025863283,0.06659162567396969,0.03187111450125272
27,1000,active,0.0008836902771184943,0.0006902942145882178,0.000853013337632269
27,1000,uniform,0.16512704137349732,0.125590014987469,0.14329577774626118
27,2000,active,0.0007065778739978462,0.00044153954266453566,0.0003281362797805157
27,2000,uniform,0.20032075152682818,0.1262865280688553,0.15947208802680032
27,5000,active,0.00014819854954229578,0.00015547166995230128,0.00018468090674859946
27,5000,uniform,0.0692503467392995,0.056765816132984245,0.039672954975837914
27,10000,active,0.00010927522997467715,9.328300197138078e-05,6.002959492954398e-05
27,10000,uniform,0.06918966022679054,0.04923476844049477,0.05310726719932493
27,25000,active,9.065341304877184e-05,8.084526837519668e-05,0.00011708463889411056
27,25000,uniform,0.07409279182367928,0.04485668621463797,0.08197137228031463
27,50000,active,8.225209671366279e-05,8.706413517328872e-05,5.18985151144084e-05
27,50000,uniform,0.07265754743691091,0.048482285557925636,0.026225678428044588
27,100000,active,4.006285427023918e-05,3.731320078855231e-05,7.407542188442412e-05
27,100000,uniform,0.03549159365157189,0.022045882799236322,0.02854863440976562
28,100,active,0.014798342527244233,0.007543485426085659,0.010468632138669332
28,100,uniform,0.6578264450927749,0.2938227996094552,0.2562324390638581
28,200,active,0.0031954360042862964,0.0025932674548043854,0.002341673391061872
28,200,uniform,0.2188931027749461,0.1702539163313661,0.19815751239632295
28,500,active,0.001081613286328248,0.0006591998805977574,0.0006336612101147801
28,500,uniform,0.13146369440788452,0.08391116970665605,0.08859206809930611
28,1000,active,0.0002660250832847502,0.00022387920473131387,0.00010917847513856199
28,1000,uniform,0.04970965062236408,0.04097611333262853,0.032026776873493604
28,2000,active,0.0007514888913996362,0.00031716220670269463,0.0004729657659464282
28,2000,uniform,0.21305340151321775,0.08101317777874516,0.058029737194764855
28,5000,active,0.00017507359441767956,0.00018656600394276155,9.850807091400939e-05
28,5000,uniform,0.0818085410131445,0.06703316521663423,0.03652140089336728
28,10000,active,0.00010055888238729577,0.00012437733596184103,0.00014053003759891276
28,10000,uniform,0.0636707413635666,0.053494692197187825,0.06974373391415413
28,25000,active,5.0407019180659374e-05,3.731320078855231e-05,4.606411863041954e-05
28,25000,uniform,0.04119863392896231,0.024346863514530383,0.03616765202308807
28,50000,active,2.2744798880300343e-05,4.353206758664436e-05,2.3848288558148512e-05
28,50000,uniform,0.020091661727961292,0.021355588584648106,0.016751829888984566
28,100000,active,2.509273308914234e-05,3.109433399046026e-05,3.356709218341683e-05
28,100000,uniform,0.022229596533539557,0.020043407690250682,0.004113179781413405
29,100,active,0.007788725292517708,0.0052735990447820595,0.004692016819844505
29,100,uniform,0.3462299552499425,0.2130397199022394,0.1360612796401188
29,200,active,0.00382270746740513,0.002804708925939515,0.0019171129101597012
29,200,uniform,0.2618623240831112,0.17231236124153457,0.19647468619105604
29,500,active,0.0018362452026213097,0.0012437733596184102,0.0008733805599858269
29,500,uniform,0.22318473823008358,0.15787215253636483,0.24692860325685062
29,1000,active,0.0009677737128929997,0.0009141734193195316,0.0015912607597183927
29,1000,uniform,0.18083893652215177,0.16598155484107685,0.5608702973609757
29,2000,active,0.0004026407861367279,0.0003233810735007867,0.0001779865400497513
29,2000,uniform,0.11415203878079873,0.08728801437802004,0.35830641347495196
29,5000,active,0.00024537305954531324,0.00022387920473131387,0.00013929393972456758
29,5000,uniform,0.114658136037606,0.08837009720088805,0.24280356583438717
29,10000,active,7.886165439278026e-05,0.00011193960236565693,0.0002147366123906888
29,10000,uniform,0.04993273474345861,0.03732563852214849,0.01556063038943745
29,25000,active,5.042964239213464e-05,4.9750934384736417e-05,8.529051714528684e-05
29,25000,uniform,0.04121712431822876,0.029788371962860927,0.026721914801902703
29,50000,active,4.8894181515039825e-05,5.596980118282847e-05,7.95991219278083e-05
29,50000,uniform,0.04319076904736346,0.027176447907662264,0.046074649842595426
29,100000,active,5.7578448666516235e-05,7.462640157710462e-05,6.627247222090175e-05
29,100000,uniform,0.05100861983957523,0.03376844671363984,0.0224915471871839
