seed,family,R_pi
0,structured,4.353206758664436e-05
0,piecewise_linear,0.0006156678130111132
0,random_monotone,0.004216391689106411
0,oscillatory,0.00981959067418735
0,checkerboard,0.7553870933638472
0,random_labels,0.7779118289065367
1,structured,5.596980118282847e-05
1,piecewise_linear,0.0007400451489729541
1,random_monotone,0.00475743310054042
1,oscillatory,0.011113114968190497
1,checkerboard,0.7553870933638472
1,random_labels,0.7435277143798857
2,structured,5.596980118282847e-05
2,piecewise_linear,0.0006654187473958495
2,random_monotone,0.004340769025068252
2,oscillatory,0.010167847214880505
2,checkerboard,0.7553870933638472
2,random_labels,0.7737203126846226
3,structured,1.8656600394276155e-05
3,piecewise_linear,0.00018656600394276155
3,random_monotone,0.0011753658248393978
3,oscillatory,0.002891773061112804
3,checkerboard,0.7553870933638472
3,random_labels,0.7568734025285913
4,structured,3.731320078855231e-05
4,piecewise_linear,0.0005783546122225608
4,random_monotone,0.003582067275701022
4,oscillatory,0.00833328150944335
4,checkerboard,0.7553870933638472
4,random_labels,0.7424829447578062
5,structured,4.9750934384736417e-05
5,piecewise_linear,0.0006343244134053893
5,random_monotone,0.004017387951567465
5,oscillatory,0.00975740200620643
5,checkerboard,0.7553870933638472
5,random_labels,0.7820162809932774
6,structured,8.084526837519668e-05
6,piecewise_linear,0.0008644224849347952
6,random_monotone,0.005522353716705742
6,oscillatory,0.013183997611955149
6,checkerboard,0.7553870933638472
6,random_labels,0.7504928451937488
7,structured,0.00010572073556756488
7,piecewise_linear,0.0013805884291764356
7,random_monotone,0.00863800598254986
7,oscillatory,0.020565792501290415
7,checkerboard,0.7553870933638472
7,random_labels,0.7566184289898694
8,structured,8.706413517328872e-05
8,piecewise_linear,0.0011504903576470295
8,random_monotone,0.007313387354556253
8,oscillatory,0.017331981766282548
8,checkerboard,0.7553870933638472
8,random_labels,0.7584903078960952
9,structured,8.084526837519668e-05
9,piecewise_linear,0.0008271092841462429
9,random_monotone,0.005441508448330545
9,oscillatory,0.013090714609983768
9,checkerboard,0.7553870933638472
9,random_labels,0.7546159538808839
10,structured,2.4875467192368208e-05
10,piecewise_linear,0.00041666407547216744
10,random_monotone,0.002518641053227281
10,oscillatory,0.005895485724591265
10,checkerboard,0.7553870933638472
10,random_labels,0.767532540220521
11,structured,0.00010572073556756488
11,piecewise_linear,0.0011753658248393978
11,random_monotone,0.007649206161653223
11,oscillatory,0.01818396651762116
11,checkerboard,0.7553870933638472
11,random_labels,0.7477876381365788
12,structured,6.840753477901257e-05
12,piecewise_linear,0.0008022338169538746
12,random_monotone,0.0051181273748297585
12,oscillatory,0.012126790256279501
12,checkerboard,0.7553870933638472
12,random_labels,0.7747961766406926
13,structured,7.462640157710462e-05
13,piecewise_linear,0.000963924353704268
13,random_monotone,0.006144240396514947
13,oscillatory,0.01442777097157356
13,checkerboard,0.7553870933638472
13,random_labels,0.7469045590512496
14,structured,3.731320078855231e-05
14,piecewise_linear,0.0007027319481844018
14,random_monotone,0.004228829422702595
14,oscillatory,0.010024813278524388
14,checkerboard,0.7553870933638472
14,random_labels,0.7543796369425563
15,structured,5.596980118282847e-05
15,piecewise_linear,0.0006840753477901257
15,random_monotone,0.004141765287529306
15,oscillatory,0.009856903874975903
15,checkerboard,0.7553870933638472
15,random_labels,0.7487515624902831
16,structured,7.462640157710462e-05
16,piecewise_linear,0.0007524828825691383
16,random_monotone,0.004782308567732788
16,oscillatory,0.011082020634200036
16,checkerboard,0.7553870933638472
16,random_labels,0.7435836841810686
17,structured,0.00011815846916374898
17,piecewise_linear,0.0015360600991287368
17,random_monotone,0.009838247274581626
17,oscillatory,0.02340159576122039
17,checkerboard,0.7553870933638472
17,random_labels,0.7486023096871288
18,structured,3.731320078855231e-05
18,piecewise_linear,0.0002052226043370377
18,random_monotone,0.001069645089271833
18,oscillatory,0.002611924055198662
18,checkerboard,0.7553870933638472
18,random_labels,0.7544169501433449
19,structured,7.462640157710462e-05
19,piecewise_linear,0.0009390488865118997
19,random_monotone,0.005889266857793173
19,oscillatory,0.014353144569996455
19,checkerboard,0.7553870933638472
19,random_labels,0.7384220247386521
20,structured,4.9750934384736417e-05
20,piecewise_linear,0.0005161659442416402
20,random_monotone,0.0030907767986517497
20,oscillatory,0.007394232622931449
20,checkerboard,0.7553870933638472
20,random_labels,0.7545164520121144
21,structured,4.353206758664436e-05
21,piecewise_linear,0.0004601961430588118
21,random_monotone,0.002885554194314712
21,oscillatory,0.006865628945093625
21,checkerboard,0.7553870933638472
21,random_labels,0.7412142959309954
22,structured,1.8656600394276155e-05
22,piecewise_linear,0.00016169053675039335
22,random_monotone,0.0010323318884832805
22,oscillatory,0.002531078786823465
22,checkerboard,0.7553870933638472
22,random_labels,0.7533659616544673
23,structured,8.706413517328872e-05
23,piecewise_linear,0.0009514866201080839
23,random_monotone,0.006268617732476788
23,oscillatory,0.014919061448622832
23,checkerboard,0.7553870933638472
23,random_labels,0.7411521072630145
24,structured,4.9750934384736417e-05
24,piecewise_linear,0.0005534791450301926
24,random_monotone,0.003252467335402143
24,oscillatory,0.007866866499586445
24,checkerboard,0.7553870933638472
24,random_labels,0.7662576725269121
25,structured,6.218866798092052e-05
25,piecewise_linear,0.000603230079414929
25,random_monotone,0.004191516221914043
25,oscillatory,0.009794715206994981
25,checkerboard,0.7553870933638472
25,random_labels,0.7533535239208712
26,structured,7.462640157710462e-05
26,piecewise_linear,0.0009825809540985441
26,random_monotone,0.006131802662918763
26,oscillatory,0.014937718049017109
26,checkerboard,0.7553870933638472
26,random_labels,0.7558721649740984
27,structured,3.731320078855231e-05
27,piecewise_linear,0.0004726338766549959
27,random_monotone,0.0030907767986517497
27,oscillatory,0.007574579760076119
27,checkerboard,0.7553870933638472
27,random_labels,0.7555612216341938
28,structured,3.109433399046026e-05
28,piecewise_linear,0.00044775840946262774
28,random_monotone,0.0027984900591414234
28,oscillatory,0.006703938408343232
28,checkerboard,0.7553870933638472
28,random_labels,0.7361956704249352
29,structured,7.462640157710462e-05
29,piecewise_linear,0.000715169681780586
29,random_monotone,0.004707682166155683
29,oscillatory,0.01133699417292181
29,checkerboard,0.7553870933638472
29,random_labels,0.747806294736973
