seed,budget,method,dH,R_pi
0,100,active,0.014789831497473174,0.009191485127580052
0,100,uniform,0.6574481067452154,0.293542950603541
0,200,active,0.003439836864364172,0.002444014651650176
0,200,uniform,0.23563500044135158,0.16713826406552199
0,500,active,0.0032123099529333884,0.0026989881903719502
0,500,uniform,0.3904372656417959,0.31181398125633547
0,1000,active,0.0009989386380351711,0.0005286036778378244
0,1000,uniform,0.18666243828131543,0.10283518137325016
0,2000,active,0.0004030657051503509,0.00030472447310651054
0,2000,uniform,0.11427250688386281,0.08354425656556862
0,5000,active,0.0002803195161904179,0.00012437733596184103
0,5000,uniform,0.13098794660225788,0.05795361969141983
0,10000,active,6.61540415533568e-05,6.840753477901257e-05
0,10000,uniform,0.041886671469535876,0.03355078637570662
0,25000,active,8.606304465378495e-05,9.328300197138078e-05
0,25000,uniform,0.0703409947490311,0.04410420333206883
0,50000,active,6.234976287015914e-05,7.462640157710462e-05
0,50000,uniform,0.05507678265258352,0.03753707999328362
0,100000,active,4.30815851947262e-05,4.353206758664436e-05
0,100000,uniform,0.038165880675520826,0.02913539094906126
1,100,active,0.005602731828721522,0.004409176559847265
1,100,uniform,0.2490566193417057,0.20854969807401696
1,200,active,0.002054489740622632,0.0016417808346963017
1,200,uniform,0.14073623547488828,0.11040976113332629
1,500,active,0.0005185326893923786,0.00045397727626071975
1,500,uniform,0.06302457993113626,0.05451458635207492
1,1000,active,0.0004645612345047638,0.0004291018090683516
1,1000,uniform,0.086808267757261,0.07565873346558791
1,2000,active,0.00032877627739068743,0.0002922867395103264
1,2000,uniform,0.09321083123994582,0.08016119302740654
1,5000,active,0.00014857284127075404,0.00011815846916374898
1,5000,uniform,0.06942524610273432,0.04916014203891767
1,10000,active,8.50478995176923e-05,0.00012437733596184103
1,10000,uniform,0.053849671805710334,0.062114041579343415
1,25000,active,9.206112579278336e-05,8.706413517328872e-05
1,25000,uniform,0.07524334273826963,0.046821848122835054
1,50000,active,4.6311056547287954e-05,5.596980118282847e-05
1,50000,uniform,0.04090896065120029,0.029191360750244092
1,100000,active,7.44534794612714e-05,5.596980118282847e-05
1,100000,uniform,0.06595817215529653,0.03484431066970976
2,100,active,0.003676143304006778,0.002070882643764653
2,100,uniform,0.16341453624784674,0.0961498995653012
2,200,active,0.006484795472054609,0.006007425326956922
2,200,uniform,0.44422013141082534,0.31728036517185837
2,500,active,0.0014103955276114077,0.0007960149501557827
2,500,uniform,0.1714252302369356,0.10649187505052829
2,1000,active,0.0005740967007410933,0.00029850560630841847
2,1000,uniform,0.10727614879365235,0.05365016386714013
2,2000,active,0.00034937367591515224,0.00031716220670269463
2,2000,uniform,0.09905036641893558,0.07749329917102506
2,5000,active,0.00029123181604148035,0.0001679094035484854
2,5000,uniform,0.1360870555391769,0.0748751562490283
2,10000,active,6.725313872023132e-05,8.706413517328872e-05
2,10000,uniform,0.04258258544336432,0.04552210496203382
2,25000,active,6.381874277491123e-05,8.706413517328872e-05
2,25000,uniform,0.052160295612100616,0.038115434605506184
2,50000,active,6.59805502789387e-05,7.462640157710462e-05
2,50000,uniform,0.058284045675974505,0.05088898700878726
2,100000,active,4.17528458789701e-05,5.596980118282847e-05
2,100000,uniform,0.036988753465663694,0.030155285103948357
3,100,active,0.005041362055990358,0.004875591569704169
3,100,uniform,0.22410221101533814,0.2214973787476446
3,200,active,0.0047923672936750344,0.004682806698963315
3,200,uniform,0.3282857629264243,0.3166398218916549
3,500,active,0.0021586352699170547,0.0017288449698695905
3,500,uniform,0.262369343137248,0.21902226976200398
3,1000,active,0.00039743925923235073,0.00041666407547216744
3,1000,uniform,0.07426580409678094,0.07200825865510786
3,2000,active,0.00012274248673203175,0.00012437733596184103
3,2000,uniform,0.034798524113583314,0.018743664529449443
3,5000,active,0.00031322649857898344,0.00026119240551986616
3,5000,uniform,0.14636474986788095,0.12452036989819715
3,10000,active,0.00010824710654359915,8.706413517328872e-05
3,10000,uniform,0.06853868460417001,0.03775474033121685
3,25000,active,7.474814509265959e-05,8.706413517328872e-05
3,25000,uniform,0.06109310799557744,0.04661040665169993
3,50000,active,4.695155819919658e-05,5.596980118282847e-05
3,50000,uniform,0.04147474901427055,0.030205036038333095
3,100000,active,1.8699863955105867e-05,1.8656600394276155e-05
3,100000,uniform,0.01656616796089814,0.008619349382155583
4,100,active,0.008281262752891372,0.0041479841543273985
4,100,uniform,0.36812458068087467,0.20832581886928564
4,200,active,0.003877352146200108,0.003495003140527733
4,200,uniform,0.26560558267928247,0.2503840150247822
4,500,active,0.0007575625062896281,0.0007338262821748621
4,500,uniform,0.09207723969425195,0.08761139545152083
4,1000,active,0.000767620161054812,0.0006281055466072972
4,1000,uniform,0.14343809067013047,0.11936492932257883
4,2000,active,0.0001889821445955469,0.00010572073556756488
4,2000,uniform,0.05357802249925142,0.03164781313549045
4,5000,active,0.00012036400772670869,9.328300197138078e-05
4,5000,uniform,0.05624379790323806,0.03812787233910237
4,10000,active,6.801073648385336e-05,4.353206758664436e-05
4,10000,uniform,0.0430622726685718,0.021716282858937445
4,25000,active,2.5456693660573515e-05,3.109433399046026e-05
4,25000,uniform,0.020806249213146485,0.016162834808241242
4,50000,active,6.650710707012397e-05,7.462640157710462e-05
4,50000,uniform,0.058749180627770535,0.04345744118506726
4,100000,active,3.120007684526138e-05,3.731320078855231e-05
4,100000,uniform,0.027640078807666855,0.02485681059197393
5,100,active,0.009059709996749973,0.005360663179955348
5,100,uniform,0.40272867111715094,0.21940162063668758
5,200,active,0.003228877910845765,0.001915410973812352
5,200,uniform,0.2211839334095429,0.13070192349550064
5,500,active,0.0008176389006670667,0.0007400451489729541
5,500,uniform,0.0993791699232851,0.0855218562073619
5,1000,active,0.00041736804451348447,0.00024253580512559003
5,1000,uniform,0.07798971216372289,0.04371863359058712
5,2000,active,0.00036314367045212764,0.00019900373753894567
5,2000,uniform,0.10295427532364082,0.053600412932755394
5,5000,active,6.566830180988054e-05,6.218866798092052e-05
5,5000,uniform,0.030685541013500656,0.016150397074645058
5,10000,active,8.185099125337936e-05,6.840753477901257e-05
5,10000,uniform,0.05182548941200692,0.02491899925995485
5,25000,active,5.7196051239383205e-05,8.706413517328872e-05
5,25000,uniform,0.04674744143759911,0.042002226354313714
5,50000,active,1.108894175223113e-05,1.2437733596184104e-05
5,50000,uniform,0.009795437971556901,0.007288511887363885
5,100000,active,5.901749120602873e-05,4.9750934384736417e-05
5,100000,uniform,0.05228346443044446,0.028625443871617712
6,100,active,0.004377872282164949,0.0031778409338250385
6,100,uniform,0.1946082917830025,0.13725660910068968
6,200,active,0.0022356270565078687,0.0016169053675039334
6,200,uniform,0.1531444667926987,0.11551545077455987
6,500,active,0.0008989435554199801,0.0005596980118282846
6,500,uniform,0.10926126958078551,0.06825828197585836
6,1000,active,0.0008225358878623593,0.0006965130813863098
6,1000,uniform,0.15369968540236503,0.12202038544536414
6,2000,active,0.00046487065546835395,0.00031094333990460256
6,2000,uniform,0.13179472849790236,0.07786643117891058
6,5000,active,0.0002024058942755591,0.00016169053675039335
6,5000,uniform,0.09458040179171356,0.07312765467876443
6,10000,active,7.352373641600281e-05,8.084526837519668e-05
6,10000,uniform,0.046552931917025656,0.03831443834304513
6,25000,active,9.74367219532743e-05,9.328300197138078e-05
6,25000,uniform,0.07963692168743725,0.04276092810368095
6,50000,active,5.111224708420625e-05,6.218866798092052e-05
6,50000,uniform,0.045150101523364974,0.03934677023152841
6,100000,active,6.458031983197499e-05,8.084526837519668e-05
6,100000,uniform,0.05721156195973624,0.04017387951567465
7,100,active,0.005728958357129561,0.0025932674548043854
7,100,uniform,0.25466773074193205,0.10276677383847116
7,200,active,0.001132741440613337,0.000721388548578678
7,200,uniform,0.07759482219172076,0.04963899478237076
7,500,active,0.0016870783685706775,0.0010945205564642012
7,500,uniform,0.20505439225958683,0.13301534194439088
7,1000,active,0.0008487755553894388,0.0006218866798092051
7,1000,uniform,0.1586028497548194,0.12062735928259152
7,2000,active,0.00020078462161620542,0.00019900373753894567
7,2000,uniform,0.05692412369158514,0.052854148916984346
7,5000,active,0.0001832570014380086,0.00017412827034657744
7,5000,uniform,0.08563249054176347,0.0629100565294992
7,10000,active,3.087196520799862e-05,3.731320078855231e-05
7,10000,uniform,0.019547163467589015,0.012692707134905877
7,25000,active,3.6109956062520265e-05,4.353206758664436e-05
7,25000,uniform,0.029513367090364416,0.018905355066199836
7,50000,active,2.7107831774761595e-05,4.353206758664436e-05
7,50000,uniform,0.02394575520603562,0.014123046498467049
7,100000,active,8.310134289005178e-05,0.00010572073556756488
7,100000,uniform,0.07361929516701311,0.060888924820119275
8,100,active,0.006745539240944218,0.005441508448330545
8,100,uniform,0.2998575070778864,0.23062667520724373
8,200,active,0.0070899993851307255,0.004583304830193842
8,200,uniform,0.4856776859251595,0.350426925205689
8,500,active,0.0009227026722569246,0.00072760741537677
8,500,uniform,0.11214904963557876,0.0816039701245639
8,1000,active,0.001094091518378479,0.0007587017493672303
8,1000,uniform,0.2044427783123107,0.14186478939807587
8,2000,active,0.00043569850026693615,0.0004228829422702595
8,2000,uniform,0.12352417790658783,0.10368094725779069
8,5000,active,0.00022449851879114,0.00013059620275993308
8,5000,uniform,0.10490386253282623,0.06512397310961997
8,10000,active,9.755945733002761e-05,0.00014925280315420924
8,10000,uniform,0.06177159916421634,0.06970727793981381
8,25000,active,3.2887172587898114e-05,5.596980118282847e-05
8,25000,uniform,0.02687932368206832,0.014508616239948757
8,50000,active,6.106004219262438e-05,5.596980118282847e-05
8,50000,uniform,0.0539375054176949,0.037959962935553884
8,100000,active,6.206017685518207e-05,8.706413517328872e-05
8,100000,uniform,0.054978972891806546,0.05123102468268232
9,100,active,0.005435275819123939,0.0039054483492018083
9,100,uniform,0.24161274572544303,0.18953240340545147
9,200,active,0.003507370195288104,0.002991274929882277
9,200,uniform,0.24026115484620825,0.20017910336378505
9,500,active,0.0008229310507828707,0.0006529810137996655
9,500,uniform,0.10002239945308042,0.07906045360414425
9,1000,active,0.0009081385717309674,0.0006218866798092051
9,1000,uniform,0.16969546841239347,0.12052163854702397
9,2000,active,0.0005358711022512599,0.0003358188070969708
9,2000,uniform,0.15192395045870627,0.09654168817358101
9,5000,active,0.00010374038784165956,0.00013681506955802515
9,5000,uniform,0.04847589838828943,0.0431900299127493
9,10000,active,0.00016581363469000228,0.00012437733596184103
9,10000,uniform,0.10498801098685029,0.07446471104035422
9,25000,active,7.581928461680709e-05,6.840753477901257e-05
9,25000,uniform,0.06196857109298737,0.02697744417012332
9,50000,active,5.006120193789175e-05,6.840753477901257e-05
9,50000,uniform,0.04422165877680817,0.043805697725760415
9,100000,active,5.423591872263239e-05,8.084526837519668e-05
9,100000,uniform,0.048047479983289856,0.03942761549990361
10,100,active,0.004769344605071342,0.004048482285557925
10,100,uniform,0.2120102978560225,0.16263580450370332
10,200,active,0.0036791841461054804,0.0024253580512559
10,200,uniform,0.25203071891946127,0.1623497366309911
10,500,active,0.0032695002678910564,0.0026865504567757663
10,500,uniform,0.3973884099960004,0.24507310277921157
10,1000,active,0.0007124657501761875,0.0003358188070969708
10,1000,uniform,0.13313189524975008,0.07228188879422391
10,2000,active,0.00020222312405839265,0.0002176603379332218
10,2000,uniform,0.05733195119494371,0.052120322634809486
10,5000,active,9.824806453342244e-05,9.328300197138078e-05
10,5000,uniform,0.045909440790201934,0.03573982748863502
10,10000,active,5.209857917644334e-05,8.706413517328872e-05
10,10000,uniform,0.032987191995399165,0.027530923315153513
10,25000,active,0.00010143163376110514,0.00012437733596184103
10,25000,uniform,0.08290204055041171,0.08108780418032226
10,50000,active,6.372736306085869e-05,9.328300197138078e-05
10,50000,uniform,0.05629368842406885,0.05001212679025628
10,100000,active,3.109086189862628e-05,2.4875467192368208e-05
10,100000,uniform,0.027543325528919495,0.017543423237417678
11,100,active,0.004943087156130718,0.0035323163413162853
11,100,uniform,0.2197336252836946,0.15442068146342375
11,200,active,0.003504527129985252,0.002885554194314712
11,200,uniform,0.24006639976906075,0.2091529281534319
11,500,active,0.0012601830990496068,0.000721388548578678
11,500,uniform,0.15316779844100992,0.0768340992904273
11,1000,active,0.0006275763279611699,0.0005348225446359165
11,1000,uniform,0.11726939285808932,0.09758645779566047
11,2000,active,0.0006451462663898601,0.0005037282106454562
11,2000,uniform,0.18290437570129103,0.1284693503149856
11,5000,active,0.00014687325469409294,0.00013059620275993308
11,5000,uniform,0.06863106181341483,0.05728198207722589
11,10000,active,0.00012787518350571708,9.950186876947283e-05
11,10000,uniform,0.08096656946179875,0.06490631277168675
11,25000,active,8.76092146687679e-05,5.596980118282847e-05
11,25000,uniform,0.07160470947518785,0.03707066498342672
11,50000,active,2.1823343222718283e-05,3.109433399046026e-05
11,50000,uniform,0.019277692105017473,0.011511122443268388
11,100000,active,5.760988716998344e-05,0.00010572073556756488
11,100000,uniform,0.05103647114007182,0.05614392945317504
12,100,active,0.0064600246919453985,0.003495003140527733
12,100,uniform,0.28716561131696916,0.15096921039048264
12,200,active,0.0034473990080954708,0.0024564523852463604
12,200,uniform,0.23615302086258663,0.16263580450370332
12,500,active,0.0022103599087570677,0.0014614336975516322
12,500,uniform,0.2686561669029779,0.18649137754118444
12,1000,active,0.0006813637924420052,0.00034203767389506286
12,1000,uniform,0.1273201596285991,0.06113767949204296
12,2000,active,0.0005690692349989085,0.0005907923458187449
12,2000,uniform,0.16133589943987625,0.17060839173885733
12,5000,active,0.00013723344680224316,0.00012437733596184103
12,5000,uniform,0.06412656402262375,0.05221360563678087
12,10000,active,9.780923467028746e-05,9.328300197138078e-05
12,10000,uniform,0.06192975036929753,0.04583304830193842
12,25000,active,6.66191878463257e-05,7.462640157710462e-05
12,25000,uniform,0.05444915365630756,0.03493137480488306
12,50000,active,3.935643294128593e-05,4.353206758664436e-05
12,50000,uniform,0.03476558054603022,0.02724485544244128
12,100000,active,4.465888205588686e-05,6.840753477901257e-05
12,100000,uniform,0.03956320446291427,0.03651096697159843
13,100,active,0.0032391473958007172,0.0022761052481016907
13,100,uniform,0.1439888833893537,0.10019838185085914
13,200,active,0.0015931007925079899,0.0010385507552813727
13,200,uniform,0.10913026423859878,0.07180925491756893
13,500,active,0.0021614316429333785,0.0014738714311478163
13,500,uniform,0.26270922572958416,0.16551513983121996
13,1000,active,0.0006474960199281815,0.00029850560630841847
13,1000,uniform,0.12099160174140741,0.059906343866020735
13,2000,active,0.00014916449073608395,0.00017412827034657744
13,2000,uniform,0.04228938378201532,0.0350495332740468
13,5000,active,0.00021567756074895167,0.0001927848707408536
13,5000,uniform,0.1007819976098624,0.08866238394039838
13,10000,active,9.474282151807067e-05,0.00012437733596184103
13,10000,uniform,0.05998819340197213,0.061063053090465856
13,25000,active,0.0001572955635675486,0.00010572073556756488
13,25000,uniform,0.12856071331731045,0.08632409002431576
13,50000,active,1.772487331293321e-05,3.109433399046026e-05
13,50000,uniform,0.015657300847051053,0.014029763496495668
13,100000,active,7.510558357674835e-05,7.462640157710462e-05
13,100000,uniform,0.0665358697434007,0.04304699597639318
14,100,active,0.0024754462831848567,0.0011940224252336739
14,100,uniform,0.11004029846502247,0.04723851219830722
14,200,active,0.0041575806983364175,0.0028420221267280677
14,200,uniform,0.2848017415699525,0.2206391751295079
14,500,active,0.0011006911362842603,0.0006529810137996655
14,500,uniform,0.13378249417512034,0.08068979670524437
14,1000,active,0.001164178718234446,0.0010136752880890044
14,1000,uniform,0.21753932610744425,0.1945074968439251
14,2000,active,0.0005070044223852085,0.00024875467192368207
14,2000,uniform,0.14374000468618844,0.08208282286801699
14,5000,active,7.235726658967073e-05,8.706413517328872e-05
14,5000,uniform,0.03381116627603895,0.028588130670829163
14,10000,active,9.204841063582825e-05,0.00011193960236565693
14,10000,uniform,0.05828217664499107,0.05096983227716245
14,25000,active,9.031084996159039e-05,7.462640157710462e-05
14,25000,uniform,0.07381280837189702,0.04305321484319127
14,50000,active,8.72468749324451e-05,0.00010572073556756488
14,50000,uniform,0.07706969435924696,0.054719808956411965
14,100000,active,3.659140181828252e-05,3.731320078855231e-05
14,100000,uniform,0.032416241631659105,0.02983190403044757
15,100,active,0.007470016632003411,0.005360663179955348
15,100,uniform,0.3320624912396722,0.2564163158189315
15,200,active,0.0032240906113865523,0.0026554561227853063
15,200,uniform,0.22085599480237375,0.18075758235334358
15,500,active,0.0019437793167894138,0.0009017356857233475
15,500,uniform,0.23625487346428362,0.119713185863272
15,1000,active,0.0011947397978963048,0.0007089508149824939
15,1000,uniform,0.2232499928380976,0.11932761612179028
15,2000,active,0.0005801628594009692,0.0004975093438473641
15,2000,uniform,0.1644810349715064,0.12611239979850872
15,5000,active,0.00016443680751980494,0.00018656600394276155
15,5000,uniform,0.07683817400791283,0.07810896698403617
15,10000,active,0.0001063869217102561,9.950186876947283e-05
15,10000,uniform,0.0673608737077416,0.05133674541824989
15,25000,active,5.472971422389172e-05,9.950186876947283e-05
15,25000,uniform,0.04473165638426444,0.0248008407907911
15,50000,active,3.928646941715741e-05,3.109433399046026e-05
15,50000,uniform,0.034703778132802655,0.023575724031566967
15,100000,active,4.6362065219780607e-05,5.596980118282847e-05
15,100000,uniform,0.041072050646495495,0.02958936822532198
16,100,active,0.010550584082918334,0.008264873974664336
16,100,uniform,0.4690020661530804,0.4038283344009055
16,200,active,0.002298978497926145,0.0011815846916374897
16,200,uniform,0.15748415425904774,0.08236889074072923
16,500,active,0.001326275738848172,0.0012313356260222263
16,500,uniform,0.16120096769929462,0.14572048681289296
16,1000,active,0.0007405623489991908,0.00034203767389506286
16,1000,uniform,0.13838204720504288,0.06683416147909528
16,2000,active,0.00017924789627811466,0.00016169053675039335
16,2000,uniform,0.05081828148520249,0.033152778900628725
16,5000,active,0.0004548181180528133,0.0003482565406931549
16,5000,uniform,0.21252780459561357,0.1539729230539611
16,10000,active,0.0001427338287078167,7.462640157710462e-05
16,10000,uniform,0.09037459919735796,0.04400470146329936
16,25000,active,0.00010092186330816488,9.950186876947283e-05
16,25000,uniform,0.08248539527719899,0.05756183108314003
16,50000,active,7.111244044046006e-05,6.218866798092052e-05
16,50000,uniform,0.06281731069593394,0.03737538945653323
16,100000,active,7.314966012735014e-05,7.462640157710462e-05
16,100000,uniform,0.06480312150209605,0.035086846474835356
17,100,active,0.004682751265369184,0.003706444611662863
17,100,uniform,0.20816098914322947,0.15761096013084497
17,200,active,0.00443831567033201,0.0022761052481016907
17,200,uniform,0.30403259113011855,0.17280987058538194
17,500,active,0.001689025207323197,0.0009701432205023601
17,500,uniform,0.20529101898936603,0.10565232803278586
17,1000,active,0.0005956690861602917,0.0004353206758664436
17,1000,uniform,0.11130718124006175,0.08970093469567976
17,2000,active,0.0006768560489062228,0.00040422634187598335
17,2000,uniform,0.19189436491296769,0.12193954017698895
17,5000,active,4.462232774357341e-05,4.9750934384736417e-05
17,5000,uniform,0.020851160001928756,0.012873054272050547
17,10000,active,0.00011310435246370604,9.950186876947283e-05
17,10000,uniform,0.0716141409077496,0.05106311527913383
17,25000,active,3.1689769474277374e-05,3.731320078855231e-05
17,25000,uniform,0.025900662905332633,0.01297255614082002
17,50000,active,6.97001194421301e-05,7.462640157710462e-05
17,50000,uniform,0.061569734232477843,0.051212368082288046
17,100000,active,7.596577380881292e-05,0.00011815846916374898
17,100000,uniform,0.06729791036017244,0.06894235732364848
18,100,active,0.01323472144081928,0.009110639859204855
18,100,uniform,0.5883192486711926,0.41285812899173513
18,200,active,0.0029585871002669787,0.0018843166398218917
18,200,uniform,0.20266852765590185,0.13184619498634959
18,500,active,0.0010320943667627355,0.0007587017493672303
18,500,uniform,0.1254449627674312,0.08956411962612172
18,1000,active,0.0008920129076742113,0.0005907923458187449
18,1000,uniform,0.1666822144875366,0.11075179880722134
18,2000,active,0.0003013257606036407,0.0002736301391160503
18,2000,uniform,0.08542837957403274,0.07669728422086927
18,5000,active,0.0002698335210529058,0.00015547166995230128
18,5000,uniform,0.1260880417015694,0.07439630350557522
18,10000,active,9.309102154785032e-05,0.00010572073556756488
18,10000,uniform,0.058942325287784814,0.04543504082686053
18,25000,active,6.33183905683829e-05,6.840753477901257e-05
18,25000,uniform,0.05175134805428198,0.030727420849372827
18,50000,active,1.823508150511355e-05,3.109433399046026e-05
18,50000,uniform,0.01610799423251092,0.008737507851319333
18,100000,active,1.0688522117489885e-05,3.731320078855231e-05
18,100000,uniform,0.009468938013551732,0.007947711767961642
19,100,active,0.0072727935099324535,0.006162896996909223
19,100,uniform,0.3232953887724081,0.26159041299494407
19,200,active,0.004795033365567574,0.0032835616693926034
19,200,uniform,0.32846839363722363,0.22214414089464618
19,500,active,0.0018760409215141521,0.0010447696220794646
19,500,uniform,0.22802167236670498,0.10970702918514189
19,1000,active,0.00032612560539577867,0.0002860678727122344
19,1000,uniform,0.060940080172385065,0.061181211559629606
19,2000,active,0.0005538518544483256,0.0002798490059141423
19,2000,uniform,0.157021644464838,0.0798813440214924
19,5000,active,0.00014279319055060524,0.00014925280315420924
19,5000,uniform,0.06672452590244848,0.0639983582191653
19,10000,active,0.00013341192280625364,0.00013059620275993308
19,10000,uniform,0.0844722597363424,0.0800430345582428
19,25000,active,3.583519248942513e-05,6.840753477901257e-05
19,25000,uniform,0.02928879749574101,0.018009838247274583
19,50000,active,8.53053882568025e-05,5.596980118282847e-05
19,50000,uniform,0.07535467837948603,0.03733807625574468
19,100000,active,6.485659066083477e-05,7.462640157710462e-05
19,100000,uniform,0.05745630967364677,0.042213667825448845
20,100,active,0.00927073729821909,0.004707682166155683
20,100,uniform,0.41210940678314545,0.23960671886368867
20,200,active,0.0033484165876066854,0.0022450109141112307
20,200,uniform,0.2293725473647917,0.14746798838315683
20,500,active,0.002326659303609188,0.0014800902979459083
20,500,uniform,0.2827916701349658,0.17167181796133107
20,1000,active,0.0007397531787394753,0.0004726338766549959
20,1000,uniform,0.13823084503114785,0.08096964571115851
20,2000,active,0.00035163109573002616,0.00023631693832749796
20,2000,uniform,0.09969036386362917,0.06383666768241492
20,5000,active,0.00021629438893299574,0.00016169053675039335
20,5000,uniform,0.1010702296185851,0.06629312006766128
20,10000,active,9.626268466462334e-05,0.00012437733596184103
20,10000,uniform,0.060950523243041024,0.0528168357161958
20,25000,active,7.632312522265718e-05,7.462640157710462e-05
20,25000,uniform,0.06238036978723785,0.051392715219432714
20,50000,active,4.631816216194018e-05,4.353206758664436e-05
20,50000,uniform,0.04091523740959485,0.022960056218555853
20,100000,active,2.5123537099706453e-05,4.9750934384736417e-05
20,100000,uniform,0.02225688573805874,0.022014788465245863
21,100,active,0.01283844447048138,0.008040994769933023
21,100,uniform,0.5707036629939711,0.34586227697588945
21,200,active,0.004679999101562325,0.0031218711326422097
21,200,uniform,0.3205883400421019,0.24329450687495724
21,500,active,0.0023268163897835407,0.00190919210701426
21,500,uniform,0.28281076302989583,0.23943259059334207
21,1000,active,0.0012061415264689947,0.0010447696220794646
21,1000,uniform,0.22538052856367183,0.2147747837389071
21,2000,active,0.0005847499651488691,0.0004104452086740754
21,2000,uniform,0.16578151791128545,0.1194022425233674
21,5000,active,9.533841738871424e-05,6.840753477901257e-05
21,5000,uniform,0.04454981834935523,0.022045882799236322
21,10000,active,8.987175057832473e-05,8.084526837519668e-05
21,10000,uniform,0.05690398352805489,0.05073351533883496
21,25000,active,4.826022970041283e-05,6.840753477901257e-05
21,25000,uniform,0.039444021270681355,0.026871723434555756
21,50000,active,3.7501347742286835e-05,4.353206758664436e-05
21,50000,uniform,0.03312688747645127,0.02019266049340489
21,100000,active,3.2071510940000214e-05,4.353206758664436e-05
21,100000,uniform,0.028412080337549404,0.02076479623882936
22,100,active,0.003994852454794645,0.002444014651650176
22,100,uniform,0.17758202205210644,0.11126796475146299
22,200,active,0.00360877128757299,0.002736301391160503
22,200,uniform,0.24720731170406124,0.18124887283039284
22,500,active,0.0007799603444288983,0.0006902942145882178
22,500,uniform,0.09479956437883194,0.08208904173481509
22,1000,active,0.0004363026791385505,0.0002798490059141423
22,1000,uniform,0.0815278524783511,0.05306559038811948
22,2000,active,0.0006142770432694539,0.00040422634187598335
22,2000,uniform,0.17415269212602696,0.13357503995621917
22,5000,active,0.00027194776042879093,0.00016169053675039335
22,5000,uniform,0.12707598531050546,0.07116249277056735
22,10000,active,0.0001981025814808903,0.00013059620275993308
22,10000,uniform,0.12543236290502172,0.09424070745828696
22,25000,active,1.926973418143328e-05,2.4875467192368208e-05
22,25000,uniform,0.015749527295038628,0.010845703695872538
22,50000,active,2.4900600699675845e-05,2.4875467192368208e-05
22,50000,uniform,0.021995993401150927,0.014869310514238095
22,100000,active,1.6237005759547896e-05,1.8656600394276155e-05
22,100000,uniform,0.014384327353434881,0.0075310476924894745
23,100,active,0.00378863435477763,0.0031716220670269463
23,100,uniform,0.16841506842887632,0.14651028289625065
23,200,active,0.0024815214559665913,0.0018718789062257075
23,200,uniform,0.16998867458790895,0.12085123848732283
23,500,active,0.003414689600706479,0.0021268524449474815
23,500,uniform,0.41503531422858564,0.2696127511644828
23,1000,active,0.0006267791308378484,0.0005410414114340085
23,1000,uniform,0.11712042799359848,0.10643590524934546
23,2000,active,0.00024164099553980467,0.0002300980715294059
23,2000,uniform,0.06850724825609414,0.0690107648584275
23,5000,active,0.00018483420357777626,0.00015547166995230128
23,5000,uniform,0.08636948692533133,0.0650120335072543
23,10000,active,6.76519924232219e-05,9.328300197138078e-05
23,10000,uniform,0.04283512714194868,0.03471993333374793
23,25000,active,5.62732548016337e-05,6.840753477901257e-05
23,25000,uniform,0.0459932220204151,0.04395495052891462
23,50000,active,6.066437932006271e-05,4.353206758664436e-05
23,50000,uniform,0.053587995860106576,0.028731164607185278
23,100000,active,5.3827407483780745e-05,8.706413517328872e-05
23,100000,uniform,0.04768558078384774,0.045093003152965466
24,100,active,0.00383702856333,0.003233810735007867
24,100,uniform,0.17056632220046392,0.1434879136323779
24,200,active,0.003679281462694188,0.0019465053078028122
24,200,uniform,0.25203738528049413,0.15058985951579903
24,500,active,0.0013669119110735276,0.0006591998805977574
24,500,uniform,0.16614005396502518,0.07469480911188363
24,1000,active,0.0012835521990657306,0.0009017356857233475
24,1000,uniform,0.23984554607898745,0.1682079091547938
24,2000,active,0.00039513960520107944,0.00025497353872177414
24,2000,uniform,0.11202539109246537,0.06958911947065005
24,5000,active,0.0002788342547979314,0.0001803471371446695
24,5000,uniform,0.13029391237088445,0.08809024819497391
24,10000,active,0.00011752385471833936,0.00011815846916374898
24,10000,uniform,0.0744124316040091,0.055926269115241824
24,25000,active,7.544479420044837e-05,9.328300197138078e-05
24,25000,uniform,0.06166249281613154,0.05302205832053283
24,50000,active,2.2607306753663864e-05,3.731320078855231e-05
24,50000,uniform,0.01997020779416389,0.010472571687987015
24,100000,active,3.878908506421003e-05,4.9750934384736417e-05
24,100000,uniform,0.034363164339895405,0.023687663633932626
25,100,active,0.016464164524696685,0.009029794590829658
25,100,uniform,0.7318767490862159,0.36581240166416873
25,200,active,0.007478860425010933,0.005180316042810679
25,200,uniform,0.5123153652445057,0.19252367833533374
25,500,active,0.0005674528129068421,0.00031716220670269463
25,500,uniform,0.06897053145503391,0.039079358959210456
25,1000,active,0.0006038580202750235,0.0005223848110397323
25,1000,uniform,0.112837371734826,0.09087008165372105
25,2000,active,0.00031715935003116813,0.00018656600394276155
25,2000,uniform,0.0899173349322806,0.05345116012960118
25,5000,active,9.904431326393723e-05,9.328300197138078e-05
25,5000,uniform,0.0462815125874608,0.03610052176292436
25,10000,active,7.424733045364312e-05,9.328300197138078e-05
25,10000,uniform,0.04701108904577236,0.0400557210465109
25,25000,active,1.1188853817303834e-05,4.353206758664436e-05
25,25000,uniform,0.009144867123626887,0.006977568547459282
25,50000,active,3.372997470417394e-05,3.731320078855231e-05
25,50000,uniform,0.02979543786765118,0.020497384966511403
25,100000,active,5.61375197906111e-05,6.218866798092052e-05
25,100000,uniform,0.049732104147575014,0.029844341764043755
26,100,active,0.00978636664205474,0.005317131112368704
26,100,uniform,0.4350305290383206,0.19546520233083128
26,200,active,0.005583648585940779,0.0041790784883178585
26,200,uniform,0.3824899519633756,0.2732694448417609
26,500,active,0.0010220172898348992,0.0009763620873004521
26,500,uniform,0.12422015369885865,0.11763608435270925
26,1000,active,0.00045620589936112843,0.0003295999402988787
26,1000,uniform,0.08524698343890261,0.06330806400457709
26,2000,active,0.0002837876075703974,0.0002176603379332218
26,2000,uniform,0.08045616614179257,0.05465140142163295
26,5000,active,0.00022434783639303096,0.00013681506955802515
26,5000,uniform,0.10483345153119068,0.05465140142163295
26,10000,active,0.00011305442678003131,0.00013681506955802515
26,10000,uniform,0.07158252952529372,0.0704970740231715
26,25000,active,0.0001204025088801105,9.328300197138078e-05
26,25000,uniform,0.09840730454024468,0.07782911797812203
26,50000,active,6.249973374560652e-05,9.950186876947283e-05
26,50000,uniform,0.0552092597132273,0.054676276888825315
26,100000,active,8.6352457241895e-05,7.462640157710462e-05
26,100000,uniform,0.07649945015331584,0.04363778832221193
27,100,active,0.0054659158241950456,0.0030285881306708292
27,100,uniform,0.24297477701890524,0.13618074514461975
27,200,active,0.0020612022644000416,0.0012437733596184102
27,200,uniform,0.14119605540404093,0.07563385799839553
27,500,active,0.000651088055381395,0.0005286036778378244
27,500,uniform,0.07913590025863283,0.06659162567396969
27,1000,active,0.0008836902771184943,0.0006902942145882178
27,1000,uniform,0.16512704137349732,0.125590014987469
27,2000,active,0.0007065778739978462,0.00044153954266453566
27,2000,uniform,0.20032075152682818,0.1262865280688553
27,5000,active,0.00014819854954229578,0.00015547166995230128
27,5000,uniform,0.0692503467392995,0.056765816132984245
27,10000,active,0.00010927522997467715,9.328300197138078e-05
27,10000,uniform,0.06918966022679054,0.04923476844049477
27,25000,active,9.065341304877184e-05,8.084526837519668e-05
27,25000,uniform,0.07409279182367928,0.04485668621463797
27,50000,active,8.225209671366279e-05,8.706413517328872e-05
27,50000,uniform,0.07265754743691091,0.048482285557925636
27,100000,active,4.006285427023918e-05,3.731320078855231e-05
27,100000,uniform,0.03549159365157189,0.022045882799236322
28,100,active,0.014798342527244233,0.007543485426085659
28,100,uniform,0.6578264450927749,0.2938227996094552
28,200,active,0.0031954360042862964,0.0025932674548043854
28,200,uniform,0.2188931027749461,0.1702539163313661
28,500,active,0.001081613286328248,0.0006591998805977574
28,500,uniform,0.13146369440788452,0.08391116970665605
28,1000,active,0.0002660250832847502,0.00022387920473131387
28,1000,uniform,0.04970965062236408,0.04097611333262853
28,2000,active,0.0007514888913996362,0.00031716220670269463
28,2000,uniform,0.21305340151321775,0.08101317777874516
28,5000,active,0.00017507359441767956,0.00018656600394276155
28,5000,uniform,0.0818085410131445,0.06703316521663423
28,10000,active,0.00010055888238729577,0.00012437733596184103
28,10000,uniform,0.0636707413635666,0.053494692197187825
28,25000,active,5.0407019180659374e-05,3.731320078855231e-05
28,25000,uniform,0.04119863392896231,0.024346863514530383
28,50000,active,2.2744798880300343e-05,4.353206758664436e-05
28,50000,uniform,0.020091661727961292,0.021355588584648106
28,100000,active,2.509273308914234e-05,3.109433399046026e-05
28,100000,uniform,0.022229596533539557,0.020043407690250682
29,100,active,0.007788725292517708,0.0052735990447820595
29,100,uniform,0.3462299552499425,0.2130397199022394
29,200,active,0.00382270746740513,0.002804708925939515
29,200,uniform,0.2618623240831112,0.17231236124153457
29,500,active,0.0018362452026213097,0.0012437733596184102
29,500,uniform,0.22318473823008358,0.15787215253636483
29,1000,active,0.0009677737128929997,0.0009141734193195316
29,1000,uniform,0.18083893652215177,0.16598155484107685
29,2000,active,0.0004026407861367279,0.0003233810735007867
29,2000,uniform,0.11415203878079873,0.08728801437802004
29,5000,active,0.00024537305954531324,0.00022387920473131387
29,5000,uniform,0.114658136037606,0.08837009720088805
29,10000,active,7.886165439278026e-05,0.00011193960236565693
29,10000,uniform,0.04993273474345861,0.03732563852214849
29,25000,active,5.042964239213464e-05,4.9750934384736417e-05
29,25000,uniform,0.04121712431822876,0.029788371962860927
29,50000,active,4.8894181515039825e-05,5.596980118282847e-05
29,50000,uniform,0.04319076904736346,0.027176447907662264
29,100000,active,5.7578448666516235e-05,7.462640157710462e-05
29,100000,uniform,0.05100861983957523,0.03376844671363984
