seed,budget,boundary,dH_j
0,100,B0,0.0037947806407938795
0,100,B1,0.005807297787863905
0,100,B2,0.003322317137974696
0,200,B0,0.0027094304087154557
0,200,B1,0.0022308425433172703
0,200,B2,0.0019199719498695425
0,500,B0,0.0008091896833049558
0,500,B1,0.0009534382766919698
0,500,B2,0.0005594509922845824
0,1000,B0,0.00029088135507996624
0,1000,B1,0.0003132440082654769
0,1000,B2,0.00039511485848741295
0,2000,B0,0.0002023722484643199
0,2000,B1,0.0002510080979545064
0,2000,B2,0.00019207091396913255
0,5000,B0,0.00011887505845949829
0,5000,B1,0.00011650507803223452
0,5000,B2,7.982701284670115e-05
0,10000,B0,6.917346440884836e-05
0,10000,B1,5.1386410176728146e-05
0,10000,B2,4.715784641092146e-05
0,25000,B0,4.579572117387689e-05
0,25000,B1,4.2055087368524995e-05
0,25000,B2,3.583317621641937e-05
0,50000,B0,2.918270534967284e-05
0,50000,B1,2.6802281092433613e-05
0,50000,B2,3.211474260920163e-05
0,100000,B0,1.8781924744917673e-05
0,100000,B1,2.1583674243034e-05
0,100000,B2,2.143862379687797e-05
1,100,B0,0.0050449769996081285
1,100,B1,0.004422172885351504
1,100,B2,0.003128932584440489
1,200,B0,0.0016740959658485218
1,200,B1,0.001557262932335457
1,200,B2,0.0016724867554599285
1,500,B0,0.0006994085950218157
1,500,B1,0.0006107020625423218
1,500,B2,0.0007872523560659254
1,1000,B0,0.00047409641457983126
1,1000,B1,0.00040223905526870154
1,1000,B2,0.00034506168791397033
1,2000,B0,0.0002758239403944729
1,2000,B1,0.00018523376543476142
1,2000,B2,0.00018356269138864416
1,5000,B0,0.00011193483057256232
1,5000,B1,5.851577893072403e-05
1,5000,B2,9.574449820883192e-05
1,10000,B0,3.7134779760492436e-05
1,10000,B1,4.42232694065953e-05
1,10000,B2,3.586289482349308e-05
1,25000,B0,3.223481210554144e-05
1,25000,B1,4.05296648848262e-05
1,25000,B2,2.653845090720731e-05
1,50000,B0,2.807420332381658e-05
1,50000,B1,3.344927517423019e-05
1,50000,B2,2.281919226923295e-05
1,100000,B0,1.7451313815619198e-05
1,100000,B1,2.0424475334296612e-05
1,100000,B2,2.3423851734607505e-05
2,100,B0,0.0039209417960408156
2,100,B1,0.003523769924456446
2,100,B2,0.004693658431477527
2,200,B0,0.002264806594644407
2,200,B1,0.0024916017954985025
2,200,B2,0.0014541022808582096
2,500,B0,0.0006876931119213386
2,500,B1,0.0007645529394179022
2,500,B2,0.0008281581730144025
2,1000,B0,0.000569411509895192
2,1000,B1,0.000363466383961086
2,1000,B2,0.00030119720530144686
2,2000,B0,0.00032347530381377556
2,2000,B1,0.00020887347273448336
2,2000,B2,0.00021229046787897869
2,5000,B0,0.0001096777128888744
2,5000,B1,8.220266981311114e-05
2,5000,B2,8.091672001252944e-05
2,10000,B0,7.710720504722248e-05
2,10000,B1,5.7636671713501284e-05
2,10000,B2,5.225245171939478e-05
2,25000,B0,2.9785434444347945e-05
2,25000,B1,2.5475032745559535e-05
2,25000,B2,3.1793269864095357e-05
2,50000,B0,2.2598676883516705e-05
2,50000,B1,3.357459676575848e-05
2,50000,B2,2.19147489189232e-05
2,100000,B0,2.617992470888238e-05
2,100000,B1,1.9721295613270336e-05
2,100000,B2,2.2236398527502728e-05
3,100,B0,0.004426180858705797
3,100,B1,0.0034092407865858754
3,100,B2,0.004494199874949235
3,200,B0,0.0024405175229922885
3,200,B1,0.0017272426482265483
3,200,B2,0.0017818626747089837
3,500,B0,0.0008890175883998418
3,500,B1,0.0008726014612320653
3,500,B2,0.000670779755706983
3,1000,B0,0.00041225722042658564
3,1000,B1,0.0004459910742898077
3,1000,B2,0.00032674119229155515
3,2000,B0,0.00022426088241935191
3,2000,B1,0.0002105923363960237
3,2000,B2,0.00016996341019646992
3,5000,B0,0.00012322721280496102
3,5000,B1,0.00012208877718401955
3,5000,B2,9.778248628205844e-05
3,10000,B0,5.170904861402949e-05
3,10000,B1,5.2718541198092274e-05
3,10000,B2,4.076786589289016e-05
3,25000,B0,3.19583968374693e-05
3,25000,B1,3.025437950781408e-05
3,25000,B2,2.8437432648033006e-05
3,50000,B0,1.7647577271243972e-05
3,50000,B1,3.568608328631359e-05
3,50000,B2,2.6069341068127673e-05
3,100000,B0,2.753357094807876e-05
3,100000,B1,2.3098622910728893e-05
3,100000,B2,1.7910927115492335e-05
4,100,B0,0.004760793227147619
4,100,B1,0.003718825868722008
4,100,B2,0.0036544560164001013
4,200,B0,0.002159003817116728
4,200,B1,0.002934411934434005
4,200,B2,0.0019812990499961758
4,500,B0,0.0008914217893403467
4,500,B1,0.0007667648033746037
4,500,B2,0.0007505378395112532
4,1000,B0,0.0004263628352564929
4,1000,B1,0.0003806498336976847
4,1000,B2,0.00037425860970705647
4,2000,B0,0.0002002117347705429
4,2000,B1,0.00018379542084985635
4,2000,B2,0.00020662073378714782
4,5000,B0,8.046753126445697e-05
4,5000,B1,7.93090520310638e-05
4,5000,B2,7.479804128426284e-05
4,10000,B0,6.858477611000086e-05
4,10000,B1,4.806527302783467e-05
4,10000,B2,6.0713758992504696e-05
4,25000,B0,3.183364414985953e-05
4,25000,B1,3.634457895794563e-05
4,25000,B2,3.5237846564239664e-05
4,50000,B0,3.160324508093901e-05
4,50000,B1,3.287002857391824e-05
4,50000,B2,2.7975524761001345e-05
4,100000,B0,2.2858172199157318e-05
4,100000,B1,2.126702362642358e-05
4,100000,B2,2.376445718856848e-05
5,100,B0,0.004599518035755307
5,100,B1,0.004793052548552544
5,100,B2,0.004110099382905641
5,200,B0,0.001369497485744814
5,200,B1,0.001527072831527147
5,200,B2,0.0018881043664931067
5,500,B0,0.0011843150714643115
5,500,B1,0.0007653748373968937
5,500,B2,0.0006065817140475388
5,1000,B0,0.00048702148635444063
5,1000,B1,0.0004200421612704381
5,1000,B2,0.00033621057626526124
5,2000,B0,0.00020985047085202
5,2000,B1,0.00016630099369194882
5,2000,B2,0.00018782543419544004
5,5000,B0,0.0001069752535646428
5,5000,B1,7.993906383068639e-05
5,5000,B2,7.45290508815878e-05
5,10000,B0,5.799135159997881e-05
5,10000,B1,5.290841620786245e-05
5,10000,B2,4.105564242445489e-05
5,25000,B0,4.496210639789285e-05
5,25000,B1,2.8133764747236745e-05
5,25000,B2,2.737954963473536e-05
5,50000,B0,2.997835344460376e-05
5,50000,B1,2.9229160250955034e-05
5,50000,B2,2.5189778152186058e-05
5,100000,B0,2.758882045753043e-05
5,100000,B1,2.1143730521093786e-05
5,100000,B2,2.087930849535087e-05
6,100,B0,0.0040551049115837194
6,100,B1,0.003919401063976196
6,100,B2,0.00400854200262855
6,200,B0,0.0024886921075717608
6,200,B1,0.0015610971796082309
6,200,B2,0.0019932600160654378
6,500,B0,0.0010937430476045088
6,500,B1,0.0008265130909768791
6,500,B2,0.0008187412298909543
6,1000,B0,0.00047996604714948697
6,1000,B1,0.0003818065282299552
6,1000,B2,0.000380174700996651
6,2000,B0,0.00018955498865185467
6,2000,B1,0.0002199922181587736
6,2000,B2,0.00019207840404648476
6,5000,B0,7.742333063119688e-05
6,5000,B1,0.0001063625972872897
6,5000,B2,7.975830824430958e-05
6,10000,B0,7.36266400434875e-05
6,10000,B1,5.816223100463624e-05
6,10000,B2,4.800167603083408e-05
6,25000,B0,4.5897324410775815e-05
6,25000,B1,3.0504281577287733e-05
6,25000,B2,3.6371804667795965e-05
6,50000,B0,2.739623408334568e-05
6,50000,B1,2.060010831571526e-05
6,50000,B2,2.7517419436320058e-05
6,100000,B0,2.2506121292535485e-05
6,100000,B1,1.6807316210134967e-05
6,100000,B2,1.882296812806484e-05
7,100,B0,0.005335504389019447
7,100,B1,0.005432757759755649
7,100,B2,0.003595611130284085
7,200,B0,0.002465495636869541
7,200,B1,0.0016905197945804406
7,200,B2,0.0015191193943059034
7,500,B0,0.0006667516796470227
7,500,B1,0.0008813370557072427
7,500,B2,0.00087627224101815
7,1000,B0,0.0003251153846195636
7,1000,B1,0.00047520371768312224
7,1000,B2,0.0003060893869074745
7,2000,B0,0.00027447130801185065
7,2000,B1,0.00018871921498718583
7,2000,B2,0.0001579465835444658
7,5000,B0,0.0001322554402085716
7,5000,B1,6.291865007538748e-05
7,5000,B2,6.686981777219837e-05
7,10000,B0,5.358136380983024e-05
7,10000,B1,5.160150025446249e-05
7,10000,B2,5.645303164566653e-05
7,25000,B0,3.926076015906567e-05
7,25000,B1,2.4898768708956916e-05
7,25000,B2,3.113188830244579e-05
7,50000,B0,3.197112695394513e-05
7,50000,B1,2.0837731069302813e-05
7,50000,B2,2.28438037792115e-05
7,100000,B0,2.276575998819307e-05
7,100000,B1,2.872477907932408e-05
7,100000,B2,2.1848365026632908e-05
8,100,B0,0.005871515898744469
8,100,B1,0.0032862491656928867
8,100,B2,0.003062294709540834
8,200,B0,0.0022095882262214567
8,200,B1,0.0024866358158510756
8,200,B2,0.0020485938744066136
8,500,B0,0.001177677690654947
8,500,B1,0.0009051051001912455
8,500,B2,0.0007836231468258948
8,1000,B0,0.00041024312974541246
8,1000,B1,0.0005483912254389899
8,1000,B2,0.00040910383752462405
8,2000,B0,0.00023572394562506628
8,2000,B1,0.000271226870849104
8,2000,B2,9.464128927076636e-05
8,5000,B0,0.00013252610927394647
8,5000,B1,9.889407609156634e-05
8,5000,B2,7.987854272435384e-05
8,10000,B0,5.892704223615498e-05
8,10000,B1,6.680191768117492e-05
8,10000,B2,3.0201757469558347e-05
8,25000,B0,2.9108795153485407e-05
8,25000,B1,3.114729182552383e-05
8,25000,B2,3.0436209949555176e-05
8,50000,B0,2.7818517608639466e-05
8,50000,B1,2.3900980994134895e-05
8,50000,B2,2.2625487403485476e-05
8,100000,B0,2.3874402691783157e-05
8,100000,B1,3.19884346314124e-05
8,100000,B2,2.9201070161218825e-05
9,100,B0,0.004799547950605354
9,100,B1,0.004918821267625492
9,100,B2,0.004004776334751988
9,200,B0,0.00292885673797393
9,200,B1,0.0013088169959597495
9,200,B2,0.002233645521059318
9,500,B0,0.0009283495908338897
9,500,B1,0.0007437557459041479
9,500,B2,0.0006975714905823237
9,1000,B0,0.0004289130704227478
9,1000,B1,0.000475245917613716
9,1000,B2,0.00036058759085689964
9,2000,B0,0.00029233823259356876
9,2000,B1,0.00022019896788528145
9,2000,B2,0.00023788812650132142
9,5000,B0,0.0001239007640974797
9,5000,B1,7.497340831753717e-05
9,5000,B2,6.660022104589156e-05
9,10000,B0,4.5440655887904676e-05
9,10000,B1,5.995580525988526e-05
9,10000,B2,4.773422758844042e-05
9,25000,B0,3.086742719032102e-05
9,25000,B1,3.2709263655418225e-05
9,25000,B2,2.974656336406924e-05
9,50000,B0,2.841086870932959e-05
9,50000,B1,2.7967988371685028e-05
9,50000,B2,2.3872805529986818e-05
9,100000,B0,2.820308377830874e-05
9,100000,B1,2.219609962002602e-05
9,100000,B2,2.2562534327524235e-05
10,100,B0,0.004950457166882158
10,100,B1,0.0048687934921551965
10,100,B2,0.0036583770271375222
10,200,B0,0.003036992831525388
10,200,B1,0.0016930937165759105
10,200,B2,0.0019251342192949748
10,500,B0,0.0008856918191393748
10,500,B1,0.0007521136376795311
10,500,B2,0.0007400831200943479
10,1000,B0,0.00035137475973339875
10,1000,B1,0.000549054373416074
10,1000,B2,0.0003674236798721915
10,2000,B0,0.00028088923005422414
10,2000,B1,0.0002914507636290736
10,2000,B2,0.00022419571171293428
10,5000,B0,0.0001153428273611891
10,5000,B1,8.809753424778595e-05
10,5000,B2,6.555136393979484e-05
10,10000,B0,5.6602383248609874e-05
10,10000,B1,6.72718560741339e-05
10,10000,B2,4.2466320587496176e-05
10,25000,B0,4.21957697535514e-05
10,25000,B1,3.743469823281506e-05
10,25000,B2,3.1357621462318826e-05
10,50000,B0,2.9215237004397245e-05
10,50000,B1,2.3349549726788646e-05
10,50000,B2,2.3873112886191866e-05
10,100000,B0,2.4481094590081686e-05
10,100000,B1,2.877295885373101e-05
10,100000,B2,1.649436560125651e-05
11,100,B0,0.003758081644188229
11,100,B1,0.004058633526351635
11,100,B2,0.0034670587019181775
11,200,B0,0.001468750040011391
11,200,B1,0.0019181413036834943
11,200,B2,0.002198324289175536
11,500,B0,0.0007507819191575307
11,500,B1,0.0009422123199498293
11,500,B2,0.0006541172369279155
11,1000,B0,0.000407351639582631
11,1000,B1,0.0006019042554732544
11,1000,B2,0.00034502356240902345
11,2000,B0,0.00025086419300927496
11,2000,B1,0.00020519896649669043
11,2000,B2,0.00015531274845064885
11,5000,B0,9.601974533890761e-05
11,5000,B1,9.370823921850945e-05
11,5000,B2,9.53403317810282e-05
11,10000,B0,6.101751449947236e-05
11,10000,B1,3.395777234049155e-05
11,10000,B2,4.000600597699458e-05
11,25000,B0,5.161487564908184e-05
11,25000,B1,3.123892479117955e-05
11,25000,B2,3.614742074723324e-05
11,50000,B0,3.195510943285266e-05
11,50000,B1,2.1886182914177674e-05
11,50000,B2,3.1906243327855196e-05
11,100000,B0,2.4276552011181207e-05
11,100000,B1,1.8476887651355963e-05
11,100000,B2,2.607006101525936e-05
12,100,B0,0.004691980698894875
12,100,B1,0.0038753796280215913
12,100,B2,0.004284897446213921
12,200,B0,0.0018650582346570494
12,200,B1,0.0020788062202840418
12,200,B2,0.0013950079211802612
12,500,B0,0.0009360769819436273
12,500,B1,0.0005440495955925188
12,500,B2,0.0007254238612313913
12,1000,B0,0.0004908081544461073
12,1000,B1,0.00023270231431825276
12,1000,B2,0.00036124055328887026
12,2000,B0,0.0002220504305659128
12,2000,B1,0.00022233156907224032
12,2000,B2,0.00017620807340052474
12,5000,B0,0.00010394023998614624
12,5000,B1,0.00010777912045474207
12,5000,B2,0.00010150207787053433
12,10000,B0,7.862547387485132e-05
12,10000,B1,5.149249114929334e-05
12,10000,B2,4.2688736958249215e-05
12,25000,B0,4.3599864031384316e-05
12,25000,B1,3.923533718166959e-05
12,25000,B2,3.7375854278001095e-05
12,50000,B0,2.9687121011143105e-05
12,50000,B1,2.7261110093911576e-05
12,50000,B2,3.0780306479337114e-05
12,100000,B0,2.5799047632889727e-05
12,100000,B1,2.118109628067136e-05
12,100000,B2,2.4653466238368106e-05
13,100,B0,0.005633646667268623
13,100,B1,0.002635030217140263
13,100,B2,0.003113186256284069
13,200,B0,0.0015482020672368557
13,200,B1,0.0023473516055378244
13,200,B2,0.001913326784344997
13,500,B0,0.0008892405132122549
13,500,B1,0.0009337253496379203
13,500,B2,0.0006556113971408109
13,1000,B0,0.0003481706122263025
13,1000,B1,0.00040899906009406856
13,1000,B2,0.00037503625333957396
13,2000,B0,0.00021373803263757083
13,2000,B1,0.00021960140004853942
13,2000,B2,0.00018522074061278631
13,5000,B0,0.00012700805652065625
13,5000,B1,9.070289099183808e-05
13,5000,B2,7.95413096232207e-05
13,10000,B0,7.936480971958485e-05
13,10000,B1,3.1144417534823704e-05
13,10000,B2,5.2170924370723645e-05
13,25000,B0,3.548171204981156e-05
13,25000,B1,3.810471506103681e-05
13,25000,B2,2.9067540228756872e-05
13,50000,B0,2.0555206453872453e-05
13,50000,B1,2.468630238319269e-05
13,50000,B2,1.8626060260737817e-05
13,100000,B0,1.8137690759739263e-05
13,100000,B1,2.786127193192075e-05
13,100000,B2,2.2937945391164032e-05
14,100,B0,0.004112843052988609
14,100,B1,0.004504036511393707
14,100,B2,0.002368840917951534
14,200,B0,0.002591403818354402
14,200,B1,0.0019168208993578034
14,200,B2,0.0016025539444408565
14,500,B0,0.0006103344339419924
14,500,B1,0.0007635115864843535
14,500,B2,0.0006347161611926903
14,1000,B0,0.00039606102745296147
14,1000,B1,0.0003802954522500207
14,1000,B2,0.00030816181488966973
14,2000,B0,0.0001371351314334881
14,2000,B1,0.00018167838008034134
14,2000,B2,0.00016934761984043996
14,5000,B0,0.00010026764192074015
14,5000,B1,8.633140860288102e-05
14,5000,B2,7.998273660781578e-05
14,10000,B0,4.7800642834001514e-05
14,10000,B1,6.760205013378107e-05
14,10000,B2,4.799057550386745e-05
14,25000,B0,4.112712444222876e-05
14,25000,B1,3.80677303557045e-05
14,25000,B2,3.130427216728267e-05
14,50000,B0,2.8167301684578113e-05
14,50000,B1,1.8213531000705093e-05
14,50000,B2,2.520747534309535e-05
14,100000,B0,2.548256641922232e-05
14,100000,B1,2.3995589430749994e-05
14,100000,B2,2.2749424023856874e-05
15,100,B0,0.005324084133868521
15,100,B1,0.004323965076769425
15,100,B2,0.0035126820902181164
15,200,B0,0.0022138938412854183
15,200,B1,0.0028359091105597135
15,200,B2,0.0014830910661973562
15,500,B0,0.000738173021672809
15,500,B1,0.001142494997262863
15,500,B2,0.0006029125122635157
15,1000,B0,0.0004725284909444467
15,1000,B1,0.0004398515368543848
15,1000,B2,0.0003653113492382369
15,2000,B0,0.00020622193671780296
15,2000,B1,0.00013956266782980464
15,2000,B2,0.00018667880674323506
15,5000,B0,0.000111487439312638
15,5000,B1,9.953116104816084e-05
15,5000,B2,8.259264119812408e-05
15,10000,B0,6.697912740362012e-05
15,10000,B1,6.517596712936727e-05
15,10000,B2,6.0195331525954844e-05
15,25000,B0,3.7440269255730526e-05
15,25000,B1,3.906616910657461e-05
15,25000,B2,2.3465378626547924e-05
15,50000,B0,2.8479929753864796e-05
15,50000,B1,2.5170813897055398e-05
15,50000,B2,3.0709997277048005e-05
15,100000,B0,2.3700484344398996e-05
15,100000,B1,2.9773062699852083e-05
15,100000,B2,2.1450207694267237e-05
16,100,B0,0.0037195485998529633
16,100,B1,0.004784265555204467
16,100,B2,0.003617478259388604
16,200,B0,0.0025593524829889427
16,200,B1,0.0019030688037599132
16,200,B2,0.0019485475736803913
16,500,B0,0.0007214555278001232
16,500,B1,0.0010900000153701895
16,500,B2,0.0007229640216160945
16,1000,B0,0.0003636369556343471
16,1000,B1,0.00044046455234841815
16,1000,B2,0.00036828870606524103
16,2000,B0,0.0003072725708203826
16,2000,B1,0.00019080548052418224
16,2000,B2,0.0001893130143596688
16,5000,B0,6.951291044084257e-05
16,5000,B1,7.450010313677163e-05
16,5000,B2,5.566754744313588e-05
16,10000,B0,5.83395098525265e-05
16,10000,B1,5.556687877976087e-05
16,10000,B2,4.9733460996703315e-05
16,25000,B0,3.9749057969039706e-05
16,25000,B1,3.2788275643033746e-05
16,25000,B2,2.8058048787629093e-05
16,50000,B0,2.3580465133496614e-05
16,50000,B1,2.222518094298118e-05
16,50000,B2,3.1789624877130085e-05
16,100000,B0,2.6140454907523323e-05
16,100000,B1,1.463910700958661e-05
16,100000,B2,1.8129418222735342e-05
17,100,B0,0.004421150229447341
17,100,B1,0.005026247874172569
17,100,B2,0.0036601414335910953
17,200,B0,0.0021440423363904572
17,200,B1,0.0025523725296029256
17,200,B2,0.0021504761754408434
17,500,B0,0.0009753870762862263
17,500,B1,0.0008131666547095251
17,500,B2,0.000528356818424139
17,1000,B0,0.00039653049664046993
17,1000,B1,0.00038656611136542456
17,1000,B2,0.00030062067675868667
17,2000,B0,0.0002649728211125103
17,2000,B1,0.0001696450584809811
17,2000,B2,0.00016209390527001984
17,5000,B0,8.04745825798777e-05
17,5000,B1,0.00012278429019711565
17,5000,B2,9.508803298410134e-05
17,10000,B0,6.065773269107851e-05
17,10000,B1,4.371987145699137e-05
17,10000,B2,5.1721222545165186e-05
17,25000,B0,3.426837941572146e-05
17,25000,B1,3.576934431873063e-05
17,25000,B2,2.640464376626674e-05
17,50000,B0,2.3214140028492716e-05
17,50000,B1,2.9199722823375992e-05
17,50000,B2,2.9271926595340767e-05
17,100000,B0,2.0308292886419506e-05
17,100000,B1,2.3391500348460977e-05
17,100000,B2,2.2294719777609104e-05
18,100,B0,0.004781919607102883
18,100,B1,0.004195409678722418
18,100,B2,0.0036428134719476896
18,200,B0,0.002487600603048055
18,200,B1,0.0014458594977180268
18,200,B2,0.0018931182326919942
18,500,B0,0.0007550151814019068
18,500,B1,0.0008077769354267856
18,500,B2,0.0006078900370360146
18,1000,B0,0.00046991265392589283
18,1000,B1,0.0005395356056153513
18,1000,B2,0.00032061879518986084
18,2000,B0,0.0002416381812776799
18,2000,B1,0.00022325890204826903
18,2000,B2,0.00012995631137809215
18,5000,B0,9.296441180764221e-05
18,5000,B1,0.00010120028613237292
18,5000,B2,8.566797535933872e-05
18,10000,B0,4.9225057292988974e-05
18,10000,B1,6.007814161452374e-05
18,10000,B2,5.761674009066498e-05
18,25000,B0,3.308647340254869e-05
18,25000,B1,2.8977254387630292e-05
18,25000,B2,3.6186112473540005e-05
18,50000,B0,3.19037373136554e-05
18,50000,B1,3.114023257632554e-05
18,50000,B2,1.5318457986507603e-05
18,100000,B0,2.203226960643287e-05
18,100000,B1,2.1623718538212633e-05
18,100000,B2,2.2328276975940827e-05
19,100,B0,0.004144786042949563
19,100,B1,0.0035500910996616097
19,100,B2,0.003985703848698271
19,200,B0,0.002075944089928852
19,200,B1,0.0014885264840476169
19,200,B2,0.0018270078096770234
19,500,B0,0.0008054140125738674
19,500,B1,0.0008353813925471847
19,500,B2,0.0005717661680748102
19,1000,B0,0.00036615785421817984
19,1000,B1,0.00045600650617532866
19,1000,B2,0.00037613231138434083
19,2000,B0,0.00025408429596808014
19,2000,B1,0.00021470923835791692
19,2000,B2,0.0001544767125461611
19,5000,B0,9.732413771195282e-05
19,5000,B1,0.00010317592393970629
19,5000,B2,8.477486836456306e-05
19,10000,B0,7.235712715613496e-05
19,10000,B1,6.900216544297799e-05
19,10000,B2,3.902710085920487e-05
19,25000,B0,4.323619076367637e-05
19,25000,B1,3.1243198818589954e-05
19,25000,B2,3.760835581182836e-05
19,50000,B0,3.0792478899226704e-05
19,50000,B1,1.971664898172221e-05
19,50000,B2,3.099542689509222e-05
19,100000,B0,2.143561677149515e-05
19,100000,B1,1.5325395677863205e-05
19,100000,B2,2.7360129668068162e-05
20,100,B0,0.005135930944731553
20,100,B1,0.00376753522056591
20,100,B2,0.005690598993509089
20,200,B0,0.0026927698703601605
20,200,B1,0.0014458039466055173
20,200,B2,0.0013286231730436173
20,500,B0,0.0009247322434379352
20,500,B1,0.0007429881220096467
20,500,B2,0.0006235817800971701
20,1000,B0,0.00045109579119196545
20,1000,B1,0.0005319939017289456
20,1000,B2,0.00036735930718795307
20,2000,B0,0.00022780058950346675
20,2000,B1,0.00015727244426991038
20,2000,B2,0.00021748089184542977
20,5000,B0,8.200604678609463e-05
20,5000,B1,0.00010166819103891498
20,5000,B2,8.188399008354864e-05
20,10000,B0,5.3206932807380714e-05
20,10000,B1,4.316736670658556e-05
20,10000,B2,3.976904418359326e-05
20,25000,B0,3.0590537993333887e-05
20,25000,B1,4.1171358983307066e-05
20,25000,B2,2.5563807879367325e-05
20,50000,B0,3.252112014097201e-05
20,50000,B1,2.595171498119616e-05
20,50000,B2,2.288150007646106e-05
20,100000,B0,2.4852025957967525e-05
20,100000,B1,1.3919029522849255e-05
20,100000,B2,2.6004973603305734e-05
21,100,B0,0.0031411873656538238
21,100,B1,0.003801731961335476
21,100,B2,0.004441541846937806
21,200,B0,0.001979870407248512
21,200,B1,0.0015459723206755326
21,200,B2,0.0017099880188719608
21,500,B0,0.0009884007849676327
21,500,B1,0.0007373232576712283
21,500,B2,0.0006683148777494809
21,1000,B0,0.00023661886762100197
21,1000,B1,0.0004367671301059585
21,1000,B2,0.0004043603840779518
21,2000,B0,0.00025034897370837034
21,2000,B1,0.00020301769869530872
21,2000,B2,0.0001684582925651228
21,5000,B0,9.474477686222003e-05
21,5000,B1,7.462013929039333e-05
21,5000,B2,8.961314160683387e-05
21,10000,B0,6.387360707301449e-05
21,10000,B1,5.289668876897593e-05
21,10000,B2,5.1718508556154926e-05
21,25000,B0,3.29553148348198e-05
21,25000,B1,3.169312666215293e-05
21,25000,B2,2.8696315012384326e-05
21,50000,B0,2.043115534169224e-05
21,50000,B1,2.771575721814594e-05
21,50000,B2,2.6534588548467947e-05
21,100000,B0,2.2341027069729994e-05
21,100000,B1,2.000286999606097e-05
21,100000,B2,2.212985683120116e-05
22,100,B0,0.003880174832437917
22,100,B1,0.0037261932311118185
22,100,B2,0.004624051375933926
22,200,B0,0.0025026605706204527
22,200,B1,0.0023662243593273275
22,200,B2,0.0021096701785545168
22,500,B0,0.000753608863935445
22,500,B1,0.0008241722342371159
22,500,B2,0.0004270530070207734
22,1000,B0,0.00043996137834436685
22,1000,B1,0.0003664024686081324
22,1000,B2,0.00041252559034263015
22,2000,B0,0.0002608614992187912
22,2000,B1,0.00015328798876648018
22,2000,B2,0.00021777040824958802
22,5000,B0,0.00010852522970398014
22,5000,B1,9.505734000707564e-05
22,5000,B2,7.517943585712991e-05
22,10000,B0,8.056611058325727e-05
22,10000,B1,4.574112781117227e-05
22,10000,B2,5.754821144424492e-05
22,25000,B0,3.2169907884473265e-05
22,25000,B1,2.3802675156589544e-05
22,25000,B2,3.3709822654985866e-05
22,50000,B0,2.8957723372016713e-05
22,50000,B1,3.012790391450684e-05
22,50000,B2,2.4354010147206606e-05
22,100000,B0,3.25267124533752e-05
22,100000,B1,3.0340674274351723e-05
22,100000,B2,2.620350344100111e-05
23,100,B0,0.0043416201199394855
23,100,B1,0.004389253820571957
23,100,B2,0.0037942349231112355
23,200,B0,0.0024042663745973193
23,200,B1,0.001818910516992881
23,200,B2,0.0017285225836092524
23,500,B0,0.0008037765755539429
23,500,B1,0.0005471473833137825
23,500,B2,0.0007043486995305205
23,1000,B0,0.0004498149735223418
23,1000,B1,0.00044915139713910514
23,1000,B2,0.00045230747058770134
23,2000,B0,0.00024152263136759615
23,2000,B1,0.0001732975547191578
23,2000,B2,0.0001596521683198407
23,5000,B0,0.00010884959145963015
23,5000,B1,0.00012146595412415565
23,5000,B2,8.045334833121473e-05
23,10000,B0,7.337631769250061e-05
23,10000,B1,4.393289404013882e-05
23,10000,B2,3.9889731645231905e-05
23,25000,B0,2.392633630669035e-05
23,25000,B1,3.4885751188431786e-05
23,25000,B2,3.2000497584319626e-05
23,50000,B0,3.197547846133128e-05
23,50000,B1,2.8395291073702418e-05
23,50000,B2,2.3277432869877855e-05
23,100000,B0,2.3949616942890333e-05
23,100000,B1,2.2772124610434203e-05
23,100000,B2,1.5765164275752075e-05
24,100,B0,0.004258552084431609
24,100,B1,0.004428609272875783
24,100,B2,0.003872968482933434
24,200,B0,0.0027409482598963193
24,200,B1,0.002900337313183626
24,200,B2,0.0013554737347591034
24,500,B0,0.0009400312925431054
24,500,B1,0.0009162882115675946
24,500,B2,0.0006691393336534958
24,1000,B0,0.0005282576184357061
24,1000,B1,0.000470801561318247
24,1000,B2,0.0003326345808163888
24,2000,B0,0.00019500702187764943
24,2000,B1,0.00021734282212593618
24,2000,B2,0.00016696170157261348
24,5000,B0,0.00010537680349549906
24,5000,B1,9.96426975846084e-05
24,5000,B2,0.0001016369122528747
24,10000,B0,5.806076634604852e-05
24,10000,B1,6.134304813351506e-05
24,10000,B2,4.297932961279386e-05
24,25000,B0,3.785522107987245e-05
24,25000,B1,2.4129407482688937e-05
24,25000,B2,3.25430148510834e-05
24,50000,B0,3.559830317524673e-05
24,50000,B1,3.403599823586909e-05
24,50000,B2,2.601762576277841e-05
24,100000,B0,2.155538113909397e-05
24,100000,B1,2.3287205088482014e-05
24,100000,B2,1.712393282370585e-05
25,100,B0,0.005972083931329306
25,100,B1,0.0039829184539788625
25,100,B2,0.003972270036485315
25,200,B0,0.002558515393873182
25,200,B1,0.0019892369926495326
25,200,B2,0.0018326519995076698
25,500,B0,0.0008052360916485657
25,500,B1,0.0009211591062238181
25,500,B2,0.0007388486819907829
25,1000,B0,0.00045524829927977154
25,1000,B1,0.0004205539888162762
25,1000,B2,0.00033633915411410376
25,2000,B0,0.0001840555976160313
25,2000,B1,0.00025796124748326063
25,2000,B2,0.00019496018473436714
25,5000,B0,0.00010966874311790283
25,5000,B1,0.00011614582225229801
25,5000,B2,6.268199691838167e-05
25,10000,B0,6.199055783187643e-05
25,10000,B1,4.8692464980050286e-05
25,10000,B2,6.223282716835452e-05
25,25000,B0,4.115493793929929e-05
25,25000,B1,4.315748905525785e-05
25,25000,B2,3.053080348228756e-05
25,50000,B0,2.4980279672444818e-05
25,50000,B1,3.4996407214132465e-05
25,50000,B2,2.36873694514893e-05
25,100000,B0,2.9478452822032456e-05
25,100000,B1,1.911212404801128e-05
25,100000,B2,2.687827201748321e-05
26,100,B0,0.005046648194014318
26,100,B1,0.0035640383127824027
26,100,B2,0.00488977177059767
26,200,B0,0.0017167625217370142
26,200,B1,0.0019040452286763932
26,200,B2,0.002020820514708494
26,500,B0,0.0010048577639610516
26,500,B1,0.0007952182131247199
26,500,B2,0.0007523947062018115
26,1000,B0,0.0004295654965514685
26,1000,B1,0.0004774011647569306
26,1000,B2,0.00029144504171211216
26,2000,B0,0.00025884860045468733
26,2000,B1,0.00019675135267259298
26,2000,B2,0.00020861657546294141
26,5000,B0,0.00012752560298487462
26,5000,B1,9.253034867732307e-05
26,5000,B2,0.00010494216916126274
26,10000,B0,7.285938333826991e-05
26,10000,B1,6.273523979363936e-05
26,10000,B2,5.963015494783489e-05
26,25000,B0,3.175571331641507e-05
26,25000,B1,3.613365414474931e-05
26,25000,B2,2.764387650720744e-05
26,50000,B0,2.4324453640962732e-05
26,50000,B1,2.3836939294676927e-05
26,50000,B2,2.9022110119742034e-05
26,100000,B0,2.2716962393194218e-05
26,100000,B1,2.4588277313601375e-05
26,100000,B2,2.8234382579639533e-05
27,100,B0,0.00533276785281108
27,100,B1,0.004097057823428889
27,100,B2,0.0035911599400004052
27,200,B0,0.0022372647935896698
27,200,B1,0.0016024757762165965
27,200,B2,0.0018006612575668522
27,500,B0,0.0009143452792448344
27,500,B1,0.0007424507109231744
27,500,B2,0.0006948880539427531
27,1000,B0,0.0004707259575204952
27,1000,B1,0.00034618720578646927
27,1000,B2,0.0004184883807753291
27,2000,B0,0.0002288415550622605
27,2000,B1,0.00015783474915490037
27,2000,B2,0.00019166713779914438
27,5000,B0,0.0001301895885477844
27,5000,B1,7.358187404535191e-05
27,5000,B2,7.689222917465592e-05
27,10000,B0,5.0949303037195295e-05
27,10000,B1,5.9695026046306086e-05
27,10000,B2,3.096545575851723e-05
27,25000,B0,2.1377091947987058e-05
27,25000,B1,2.303074021223483e-05
27,25000,B2,2.6414063784675226e-05
27,50000,B0,2.431107451523647e-05
27,50000,B1,1.9841032813727726e-05
27,50000,B2,2.8496654690064273e-05
27,100000,B0,2.2533400409739117e-05
27,100000,B1,1.1973032451035974e-05
27,100000,B2,2.187012999611642e-05
28,100,B0,0.004605568161511101
28,100,B1,0.004501134128453679
28,100,B2,0.003420342811079517
28,200,B0,0.0030138325175282335
28,200,B1,0.0012957850983644748
28,200,B2,0.0014595075873248494
28,500,B0,0.0010610094831707319
28,500,B1,0.0007592141091850929
28,500,B2,0.0007383010641815129
28,1000,B0,0.0004299835247959566
28,1000,B1,0.00045653896487402696
28,1000,B2,0.0004265348812806429
28,2000,B0,0.0002918396576210337
28,2000,B1,0.00021840456565149863
28,2000,B2,0.0001798154237757979
28,5000,B0,8.389362803591055e-05
28,5000,B1,8.5697972664412e-05
28,5000,B2,9.604959496861397e-05
28,10000,B0,7.728267791084005e-05
28,10000,B1,5.474831744876519e-05
28,10000,B2,3.971348543752355e-05
28,25000,B0,3.485866928414299e-05
28,25000,B1,3.13548415603517e-05
28,25000,B2,2.2926921335460114e-05
28,50000,B0,3.0352323587662633e-05
28,50000,B1,2.564668753691585e-05
28,50000,B2,1.4574534061045922e-05
28,100000,B0,2.354117727884786e-05
28,100000,B1,1.6985944308677136e-05
28,100000,B2,2.2821507255883477e-05
29,100,B0,0.004477407279867679
29,100,B1,0.005063569826187957
29,100,B2,0.005039664416018311
29,200,B0,0.0016889860383613817
29,200,B1,0.0020438034513707596
29,200,B2,0.0019267413127483017
29,500,B0,0.001235368982595442
29,500,B1,0.0007766095678967078
29,500,B2,0.0007311546935010023
29,1000,B0,0.00042073492565268046
29,1000,B1,0.0003085326523845617
29,1000,B2,0.0002919473018546636
29,2000,B0,0.00022059444537120276
29,2000,B1,0.00022297052572919338
29,2000,B2,0.0001808613656945692
29,5000,B0,0.00011483737066408349
29,5000,B1,9.73326493266535e-05
29,5000,B2,7.562196940745748e-05
29,10000,B0,5.490693253626291e-05
29,10000,B1,5.865352766813145e-05
29,10000,B2,6.214787509817189e-05
29,25000,B0,4.438484866082775e-05
29,25000,B1,2.7788476220878912e-05
29,25000,B2,2.7541522492439633e-05
29,50000,B0,2.4706797294490595e-05
29,50000,B1,2.12630093689532e-05
29,50000,B2,2.2534977897121272e-05
29,100000,B0,2.4989379088403664e-05
29,100000,B1,2.9115348983004978e-05
29,100000,B2,2.4353324768647456e-05
