geometry,method,dH_mean,dH_sd,dH_ci95,R_pi_mean,R_pi_sd,R_pi_ci95,C_D_mean,C_D_sd,C_D_ci95
0,active,9.810151241040679e-05,3.3426236516691074e-05,1.1961425118427145e-05,7.732124385627781e-05,3.165470116623582e-05,1.1327489334823867e-05,15.800784812099286,0.00026740989213341903,9.569140094737796e-05
0,uniform,0.062114811499214426,0.021164448226611905,0.007573600531098825,0.044426755223329874,0.017007729506404154,0.006086137840367789,83.99920398504986,0.7653478277881871,0.2738762028165506
1,active,0.00010171354205161185,3.8485731339061395e-05,1.3771942088371785e-05,7.08950814982494e-05,3.2971927885737524e-05,1.1798852862735348e-05,15.800813708336415,0.00030788585071252065,0.00011017553670698485
1,uniform,0.06440183577417675,0.024367962213823296,0.008719963288830436,0.04170620829472453,0.017068710192875758,0.006107959498768852,83.87677937326261,0.7680919586794112,0.2748581774445991
2,active,0.00012409871153620805,4.785226756232228e-05,1.7123714029482352e-05,0.0001471798475548452,4.677593023954063e-05,1.6738551665116493e-05,23.00099278969229,0.00038281814049862445,0.00013698971223587535
2,uniform,0.07857542544419743,0.030298560199659885,0.01084220052243754,0.08379715714869104,0.02575923662661781,0.00921782444348108,121.77087207169112,1.1591656481978014,0.4148020999566485
3,active,0.00012061614827807016,3.4781198090649804e-05,1.2446291890585615e-05,0.00013598588731827954,4.8549847694161684e-05,1.7373339873747918e-05,23.000964929186228,0.00027824958472516835,9.957033512467414e-05
3,uniform,0.07637037523652439,0.02202236754597797,0.007880603016739856,0.07569459559745689,0.02312102576129452,0.00827375280991779,121.40625680188558,1.040446159258253,0.37231887644630035
4,active,0.00010733473051875441,3.570936389340868e-05,1.2778431757472551e-05,6.882212589888538e-05,3.2455563141170645e-05,1.1614074111982228e-05,15.800858677844152,0.0002856749111474917,0.00010222745405985995
4,uniform,0.06796099662153782,0.022610053122493083,0.008090903599431992,0.04581294063262461,0.018644176371575498,0.006671732830346924,84.06158232846812,0.8389879367208964,0.3002279773656112
5,active,0.00010937230321919206,4.004299709490395e-05,1.432920248227525e-05,6.529810137996655e-05,3.8082626084153365e-05,1.362769272547928e-05,15.800874978425753,0.0003203439767592135,0.0001146336198581955
5,uniform,0.06925112397119171,0.02535397421813776,0.009072803153096592,0.04833552030149067,0.020259503252903113,0.007249770131170025,84.17509841356706,0.9116776463806392,0.32623965590265086
6,active,0.00011756458561674061,4.73528032907224e-05,1.6944983035309898e-05,0.00010178211992877323,4.919790192984198e-05,1.7605243103682247e-05,19.400940516684933,0.0003788224263259922,0.0001355598642825554
6,uniform,0.0744382211358497,0.0299823150336141,0.01072903364315598,0.0627056631074019,0.025024177204821387,0.008954786807550337,102.8217548398331,1.1260879742169618,0.4029654063397649
7,active,0.00011730791072210878,4.426185527241874e-05,1.5838901492225372e-05,0.00016231242343020256,5.7308364040938806e-05,2.0507534696374195e-05,23.00093846328578,0.0003540948421791858,0.00012671121193774426
7,uniform,0.07427570261492723,0.0280252233558841,0.01002869738061039,0.08697831481147505,0.03608981893420795,0.012914575845341262,121.91402416651637,1.624041852039359,0.5811559130403572
8,active,0.00012258040631821034,5.8253826527653387e-05,2.084586410212322e-05,0.00012520651820158664,5.420826386825934e-05,1.9398178096907423e-05,19.40098064325054,0.0004660306122209453,0.00016676691281688493
8,uniform,0.0776140820347328,0.03688450223616409,0.013198949612769918,0.06602508690866352,0.025697593607532234,0.009195765772398029,102.97112891088985,1.1563917123389504,0.4138094597579112
9,active,0.00010206999586332815,4.01879826230766e-05,1.4381084887212665e-05,9.245381973163515e-05,5.4331131394389535e-05,1.9442145676463047e-05,15.800816559966904,0.00032150386098472736,0.00011504867909774231
9,uniform,0.06462753118680385,0.02544577452305908,0.009105653470320215,0.05022211719247184,0.0232543606819581,0.008321466098501517,84.25999527366123,1.0464462306881146,0.3744659744325683
10,active,8.72524208202921e-05,3.96931234860952e-05,1.4204001819299324e-05,7.441910601716821e-05,3.564930855308236e-05,1.2756941229936906e-05,15.800698019366566,0.00031754498788881167,0.00011363201455441252
10,uniform,0.055245505792310766,0.02513244518433071,0.008993530006443743,0.040014469230083574,0.020443450940435908,0.007315594965773607,83.80065111535377,0.919955292319617,0.3292017734598127
11,active,0.00011023349979250784,3.8601482028956096e-05,1.3813362940787834e-05,9.784350428998159e-05,4.744400292910493e-05,1.6977618406773137e-05,23.000881867998338,0.00030881185623170883,0.00011050690352632415
11,uniform,0.06979640672475593,0.024441251932878594,0.008746189677972175,0.07089445961156958,0.029430849596044088,0.010531694270726167,121.19025068252061,1.3243882318219828,0.4739262421826771
12,active,9.494855103340944e-05,5.19461678279847e-05,1.8588697424953088e-05,5.762816566231968e-05,3.506277717172308e-05,1.2547053670676881e-05,12.20075958840827,0.0004155693426240512,0.00014870957939968683
12,uniform,0.06011845490098851,0.03289068989317802,0.011769782220448511,0.024840641538298888,0.014354772187027508,0.005136789255992719,65.11782886922346,0.6459647484162383,0.2311555165196725
13,active,7.68430621441817e-05,2.762758828203374e-05,9.886405496869716e-06,5.0372821064545616e-05,2.54766856771311e-05,9.116714884744542e-06,15.800614744497153,0.00022102070625636914,7.909124397499322e-05
13,uniform,0.048654625222691386,0.017492925400960833,0.0062597629613894154,0.03410841143193554,0.013275802209433677,0.004750684808201382,83.53487851443711,0.5974110994245163,0.21378081636906252
14,active,0.00010304690519110798,3.701347489819632e-05,1.3245101887150327e-05,0.00012873054272050547,5.945108350283382e-05,2.127429700838188e-05,19.400824375241527,0.0002961077991854574,0.00010596081509716211
14,uniform,0.06524607963988893,0.023435775450783097,0.008386384539786207,0.05649467354058744,0.022686026321855297,0.008118090259668918,102.54226030932642,1.0208711844834892,0.36531406168510167
15,active,0.00011141791906262953,5.279189774033378e-05,1.889133798731272e-05,6.737105697933056e-05,3.3987012326700734e-05,1.2162096164846219e-05,15.800891343352502,0.0004223351819225968,0.0001511307038984755
15,uniform,0.07054634398760508,0.03342617964041361,0.011961404765512645,0.0454263344133432,0.024597372500941912,0.008802056705760456,84.04418504860045,1.1068817625423855,0.3960925517592203
16,active,0.00011508244524977145,4.71206256338417e-05,1.6861899327828692e-05,7.877231277583266e-05,3.92750155667519e-05,1.4054383821887354e-05,19.400920659561997,0.0003769650050709186,0.00013489519462269576
16,uniform,0.07286660743468763,0.029835307397970964,0.010676427636353378,0.059079027286314555,0.025077361151625323,0.008973818438493293,102.65855622788416,1.12848125182314,0.4038218297321984
17,active,0.00012158541072600874,3.923572648082202e-05,1.4040324403050685e-05,0.00013805884291764355,6.533434251683844e-05,2.3379594208477623e-05,23.00097268328581,0.00031388581184651907,0.00011232259522438504
17,uniform,0.07698408192430393,0.02484283569651184,0.00888989458220441,0.08559897015565825,0.03069626015767674,0.010984515624679001,121.85195365700461,1.3813317070954532,0.4943032031105551
18,active,0.00010428854331884669,4.257968329835843e-05,1.52369439821721e-05,7.918690389570545e-05,3.43325161975679e-05,1.2285733137182028e-05,19.40083430834655,0.0003406374663868642,0.00012189555185737563
18,uniform,0.06603224609501729,0.026960124638131477,0.009647556699404205,0.05896750227506878,0.019773061726080253,0.007075699266366577,102.6535376023781,0.889787777673612,0.3184064669864962
19,active,9.452977424704925e-05,3.857903045269282e-05,1.3805328747404149e-05,4.436124982638997e-05,2.1772670324132367e-05,7.791250013451735e-06,12.200756238193975,0.0003086322436216158,0.0001104426299792594
19,uniform,0.05985329852871999,0.02442703629651277,0.008741102677830364,0.027965414808780207,0.013391749300663778,0.004792175941932688,65.25844366639511,0.6026287185298697,0.21564791738697087
20,active,0.00011266655479901637,4.3184477123319734e-05,1.545336667294524e-05,0.00010261130216851884,4.6645074910141876e-05,1.6691725686871268e-05,19.40090133243839,0.0003454758169865234,0.0001236269333835496
20,uniform,0.07133694110982518,0.027343061185289282,0.009784588782918898,0.06264720575949984,0.025441523788366983,0.00910413236444602,102.8191242591775,1.1448685704765136,0.40968595640007066
21,active,0.00011544287526924693,4.3172782661097294e-05,1.544918186338392e-05,0.00012085331144292222,5.048754575160254e-05,1.8066736218401526e-05,23.00092354300216,0.00034538226128884704,0.00012359345490709595
21,uniform,0.07309482045779103,0.027335656617314404,0.00978193909229873,0.07924391017468797,0.03149109182142327,0.011268942482692515,121.56597595786097,1.4170991319640458,0.5071024117211627
22,active,0.00012407531635722687,4.127783208961821e-05,1.4771082510124406e-05,0.00011608551356438496,5.6227335341241804e-05,2.012069354433964e-05,23.000992602530857,0.0003302226567167976,0.00011816866008094228
22,uniform,0.07856061234808938,0.02613583314207029,0.009352587775787307,0.08868539374755133,0.03092872782595025,0.011067703111404302,121.9908427186398,1.3917927521677629,0.4980466400131942
23,active,8.32509878429654e-05,4.345734142430058e-05,1.5551009909031502e-05,2.964326507090545e-05,2.2373818345126046e-05,8.006368070030315e-06,12.200666007902743,0.00034765873139451617,0.0001244080792722919
23,uniform,0.05271192349568983,0.027515830332306965,0.009846413428173072,0.024199269075855668,0.013556401173771958,0.004851095858023416,65.08896710841351,0.6100380528197373,0.21829931361105342
24,active,7.752168181973177e-05,3.4957431734399205e-05,1.2509356290073225e-05,3.503294962925189e-05,2.0364285402792254e-05,7.287265941953897e-06,12.200620173454558,0.00027965945387532727,0.00010007485032063363
24,uniform,0.049084305991030086,0.022133953181017043,0.007920533423417425,0.02339185286990338,0.011531808756443367,0.004126604766029892,65.05263337914566,0.5189313940399519,0.18569721447134527
25,active,9.51089558077318e-05,3.236716467321749e-05,1.1582441126483623e-05,4.249558978696236e-05,2.0468796481501465e-05,7.324664751161809e-06,12.200760871646459,0.00025893731738579933,9.265952901189025e-05
25,uniform,0.060220018190643515,0.020493877036582567,0.007333639712533286,0.027647630715397713,0.009729721675071072,0.0034817361859264726,65.2441433821929,0.4378374753781988,0.15667812836669145
26,active,0.00010055845526820486,4.9317923704498445e-05,1.7648192344151394e-05,6.03230079414929e-05,3.445723640324393e-05,1.2330363689598652e-05,12.200804467642145,0.00039454338963610183,0.00014118553875325205
26,uniform,0.06367047092510562,0.031226567859853314,0.011174283798734218,0.032217046743075815,0.020284302213859816,0.007258644325378228,65.4497671034384,0.9127935996236922,0.3266389946420204
27,active,0.00011941097321628153,4.928750837815059e-05,1.7637308359399454e-05,0.00011795117360381258,6.582409300358942e-05,2.355484916938415e-05,19.40095528778573,0.0003943000670250676,0.00014109846687514657
27,uniform,0.07560729605510416,0.03120730982583987,0.011167392399767875,0.07397881024786328,0.03283754215220927,0.011750763545597282,103.32904646115388,1.4776893968494171,0.5287843595518777
28,active,0.00010572839006899084,4.454744641044778e-05,1.5941098968459793e-05,9.286841085150799e-05,4.1763221482070666e-05,1.4944776873478767e-05,19.400845827120552,0.0003563795712839872,0.0001275287917478233
28,uniform,0.06694391205486079,0.02820605073834035,0.010093405628382514,0.06052532840799084,0.0224628107560446,0.008038213595289464,102.72363977835957,1.0108264840220078,0.36171961178802614
29,active,0.00010650644421318743,4.636689660538532e-05,1.659218085895578e-05,6.0737599061365704e-05,2.8082817418952963e-05,1.0049307151390903e-05,15.800852051553708,0.0003709351728431454,0.0001327374468716687
29,uniform,0.06743655162091325,0.02935806973493619,0.010505650331907718,0.04606791417134636,0.01798152658377761,0.006434606649165019,84.07305613771061,0.809168696269992,0.28955729921242573
30,active,0.00011562813560011149,4.559417526585739e-05,1.6315666078850074e-05,8.436929289411551e-05,4.766134872998752e-05,1.705539460274912e-05,15.800925025084801,0.00036475340212676813,0.00013052532863076804
30,uniform,0.07321212150899621,0.028868806734123276,0.010330569815603756,0.04437866265342463,0.020757510505496825,0.007427979737787235,83.99703981940411,0.934087972747356,0.3342590882004252
31,active,9.535080160775824e-05,4.375652913362612e-05,1.565807285581775e-05,6.944401257869458e-05,2.6338043763026244e-05,9.424947917184247e-06,15.80076280641286,0.00035005223306918846,0.00012526458284660625
31,uniform,0.06037314739234139,0.0277052666387544,0.009914202339830864,0.04024436000605302,0.018675271907414748,0.006682860224939277,83.81099620027241,0.8403872358336644,0.3007287101222677
32,active,9.477503877559611e-05,4.814413958432771e-05,1.722815909118227e-05,3.8142383028297923e-05,3.0629084610420444e-05,1.0960477163816252e-05,12.200758200310203,0.00038515311667453673,0.00013782527272942775
32,uniform,0.06000859236245874,0.030483364441537555,0.010908331871076912,0.029275522747578265,0.017501010656041264,0.006262656232762029,65.31739852364102,0.7875454795218567,0.28181953047429126
33,active,7.973197682236675e-05,3.736025157423579e-05,1.3369194326967532e-05,7.11023770581858e-05,3.5619368966834555e-05,1.2746227486593381e-05,12.20063785581458,0.0002988820125939393,0.0001069535546157592
33,uniform,0.05048379570400178,0.023655343603559573,0.008464955994174014,0.023567224913609578,0.013675345818344186,0.004893659652442157,65.06052512111243,0.6153905618254872,0.22021468435989666
34,active,0.0001046616472902553,3.191910752765278e-05,1.1422105936107876e-05,0.00012873054272050547,5.1983333770400776e-05,1.8601997086640806e-05,23.000837293178325,0.0002553528602212949,9.1376847488889e-05
34,uniform,0.06626848386836652,0.02021018125601286,0.007232120481255072,0.07340169940900035,0.025348400422078508,0.009070808595792637,121.30307647340501,1.1406780189935344,0.4081863868106692
35,active,7.797570673789787e-05,4.332773103079504e-05,1.550462942537423e-05,4.747068322543598e-05,3.0835207032006534e-05,1.1034237125090976e-05,12.200623805653903,0.00034662184824618404,0.00012403703540293077
35,uniform,0.049371780378675956,0.027433765082103243,0.009817046755540135,0.025971853408871832,0.016834979700454816,0.0060243201162260345,65.16873340339923,0.7575740865204666,0.2710944052301716
36,active,0.00012365752746597048,4.141563846415078e-05,1.482039588792541e-05,0.00012023142476311301,5.79098537741217e-05,2.072277503308926e-05,23.000989260219733,0.0003313251077133569,0.00011856316710345718
36,uniform,0.07829608148011576,0.02622308783129341,0.009383811465323903,0.08697644915143563,0.03124519385701132,0.011180949026216537,121.91394021181462,1.4060337235655103,0.5031427061797444
37,active,0.00011205216203628785,3.111077499646325e-05,1.1132847854726676e-05,0.00015008198539395487,4.673029146431276e-05,1.672222003914621e-05,23.00089641729629,0.0002488861999715405,8.906278283775418e-05
37,uniform,0.07094792681529484,0.019698370361656933,0.007048971304871524,0.08001194022425231,0.027131756084390012,0.009708974223670319,121.60053731009134,1.2209290237975499,0.4369038400651642
38,active,0.00011335283972507351,3.905831047067358e-05,1.3976836899181052e-05,9.224652417169876e-05,3.367164177348e-05,1.2049242261744592e-05,15.800906822717801,0.0003124664837654326,0.00011181469519346415
38,uniform,0.07177147527520517,0.024730501424024318,0.008849696279056476,0.051129242562753544,0.0200902582143797,0.007189206571944558,84.30081591532391,0.9040616196470859,0.3235142957375049
39,active,0.0001122058392924622,4.70268115693395e-05,1.6828328395993815e-05,9.908727764960002e-05,5.401603246367165e-05,1.932938897222575e-05,19.400897646714338,0.0003762144925550831,0.00013462662716808187
39,uniform,0.07104523045072858,0.02977590726448389,0.010655171571573982,0.06591563485301709,0.030210539620157267,0.010810702762584275,102.96620356838577,1.3594742829070772,0.48648162431629244
40,active,0.00010661077259221524,4.000866155623576e-05,1.4316915667560845e-05,7.877231277583266e-05,3.7997903785472645e-05,1.3597375240260014e-05,19.400852886180736,0.0003200692924495493,0.00011453532534036625
40,uniform,0.06750260908973242,0.025332234028206314,0.009065023526042392,0.05796108233157755,0.024398905215405827,0.008731036099740033,102.60824870492097,1.0979507346932618,0.39289662448830137
41,active,8.871435682774829e-05,4.318168796953792e-05,1.545236858708271e-05,2.6326536111923018e-05,1.874099562788723e-05,6.706379156259692e-06,12.200709714854622,0.00034545350375610184,0.00012361894869658956
41,uniform,0.056171157979469664,0.027341295180290937,0.00978395682614638,0.02421564542509064,0.0121602533150438,0.004351490763142623,65.08970404412908,0.5472113991769699,0.19581708434141765
42,active,8.660352981303028e-05,3.604533508294519e-05,1.2898657503604133e-05,4.560502318600838e-05,2.8723715359462977e-05,1.0278649533987182e-05,15.800692828238505,0.00028836268066359435,0.00010318926002884481
42,uniform,0.05483464828756933,0.02282277957893856,0.008167026784230567,0.036436755161141206,0.015508358973699711,0.005549594985991559,83.63965398225135,0.6978761538164882,0.24973177436962057
43,active,0.00011547839221707739,3.4677781321812445e-05,1.2409284675136155e-05,0.00011546362688457577,5.7687197434628676e-05,2.0643098485277512e-05,23.000923827137736,0.0002774222505748312,9.927427740120792e-05
43,uniform,0.07311730867906881,0.02195688728023254,0.007857171204574657,0.07591225593539011,0.029589676083512238,0.010588529599337702,121.41605151709254,1.3315354237580503,0.47648383197019645
44,active,0.00011598201293480636,4.116502772676733e-05,1.4730715987300369e-05,0.00010654991780731047,5.41836569291342e-05,1.938937261682916e-05,19.400927856103472,0.00032932022181427124,0.0001178457278984504
44,uniform,0.07343618557689623,0.02606440894519919,0.009327028955185687,0.07030532563023033,0.0291398878583312,0.010427574950076884,103.16373965336035,1.3112949536249043,0.4692408727534598
45,active,0.00010003610493103365,4.953599840013824e-05,1.7726229371766415e-05,3.814238302829791e-05,2.35385848118551e-05,8.423174397158336e-06,12.200800288839448,0.00039628798720117285,0.00014180983497415526
45,uniform,0.06333973501766664,0.03136464594120986,0.01122369440557348,0.03069218060418364,0.015775476962689203,0.0056451819307404005,65.38114812718825,0.7098964633210141,0.254033186883318
46,active,9.741448687575731e-05,5.1930845682499275e-05,1.8583214465608082e-05,6.695646585945775e-05,4.316854842432881e-05,1.544766666121587e-05,15.800779315895005,0.0004154467654601244,0.00014866571572491125
46,uniform,0.061679808403631256,0.032880988389538346,0.011766310581956868,0.0417203043928002,0.019782637145314624,0.007079125786133237,83.877413697676,0.8902186715391577,0.31856066037599556
47,active,0.00010177860656490276,5.817860312560578e-05,2.0818945753409435e-05,6.405432802034813e-05,4.000895046161967e-05,1.4317019051024735e-05,15.80081422885252,0.0004654288250047557,0.00016655156602724306
47,uniform,0.06444303259040549,0.03683687312910056,0.013181905755699337,0.04236250603748318,0.029111666126700093,0.01041747593311309,83.90631277168676,1.3100249757015041,0.468786416990089
48,active,0.000118385398766298,3.804066794588358e-05,1.3612678198529111e-05,0.00015256953211319167,4.819143281714044e-05,1.7245082757195802e-05,23.000947083190123,0.00030432534356703006,0.00010890142558821906
48,uniform,0.07495793436765857,0.02408616198369717,0.008619122371566956,0.08742006164969955,0.02606816960368383,0.009328374689541319,121.93390277423649,1.1730676321657727,0.41977686102935946
49,active,0.00011014610556369098,4.454258568593202e-05,1.5939359580530568e-05,6.861483033894897e-05,3.147725994519656e-05,1.1263992809352818e-05,15.800881168844509,0.0003563406854873736,0.00012751487664421502
49,uniform,0.06974107143056972,0.028202973079509204,0.01009230430231398,0.04242966979890257,0.01792467282278497,0.0064142617920802305,83.90933514095062,0.8066102770253255,0.28864178064361107
50,active,7.599167208763973e-05,3.475637129225761e-05,1.2437407734879058e-05,3.4825654069315486e-05,1.9296118733616858e-05,6.905027408430648e-06,12.200607933376698,0.00027805097033814795,9.949926187906359e-05
50,uniform,0.048115551649054705,0.022006647993197764,0.007874977847020804,0.021495305792045245,0.011685220839064798,0.0041815025747503525,64.96728876064203,0.5258349377579159,0.18816761586376587
51,active,0.00011049098882825609,3.4418580827763864e-05,1.2316530969564986e-05,0.00012727947380095067,5.253412142627609e-05,1.8799093918006097e-05,23.00088392791063,0.0002753486466222335,9.853224775656374e-05
51,uniform,0.06995944073437631,0.02179276962869838,0.007798442457219036,0.081056087959652,0.02957160626998743,0.010582063399612436,121.64752395818432,1.3307222821494349,0.47619285298255987
52,active,9.557979517048065e-05,3.860571629330712e-05,1.381487815282617e-05,5.140929886422763e-05,2.2269264893490362e-05,7.9689540978654e-06,12.200764638361363,0.00030884573034661817,0.00011051902522266704
52,uniform,0.060518138959066,0.02444393293672292,0.008747149062876608,0.02493516831362989,0.01022267006934709,0.003658135503344011,65.12208257411335,0.4600201531206181,0.16461609765048013
53,active,8.512792443891905e-05,3.6322180086183246e-05,1.2997725215698767e-05,4.8921752144990795e-05,1.4398952509524768e-05,5.152598981356059e-06,12.20068102339551,0.0002905774406895927,0.0001039818017256355
53,uniform,0.05390034108467302,0.02299806918220731,0.008229753363170764,0.028059112401871464,0.01286700967799985,0.0046044002795414965,65.26266005808421,0.5790154355099929,0.20719801257936724
54,active,0.00010859116369321327,4.5609919903996906e-05,1.6321300225249668e-05,8.851520409284353e-05,5.4672471925811405e-05,1.956429281691208e-05,19.400868729309547,0.0003648793592321232,0.0001305704018020503
54,uniform,0.06875653083783174,0.028878775746894656,0.010334137181008772,0.06243348403720541,0.029042746471774083,0.010392813351336237,102.80950678167424,1.3069235912298334,0.4676766008101305
55,active,8.996680321662018e-05,4.951756171029261e-05,1.771963188703582e-05,5.472602782321005e-05,3.344579062578053e-05,1.196842246649875e-05,12.200719734425736,0.0003961404936823625,0.00014175705509629429
55,uniform,0.0569641678877387,0.031352972405450284,0.011219517084450724,0.025085872185703652,0.016180991313899155,0.005790293377672912,65.12886424835666,0.7281446091254612,0.26056320199528077
56,active,0.00011459059836879,5.011073154910616e-05,1.793189498778708e-05,7.296803709761342e-05,3.0854663014449345e-05,1.1041199358993045e-05,15.800916724786953,0.00040088585239283527,0.0001434551599022916
56,uniform,0.07255518536230707,0.031728549007880864,0.011353915445569344,0.046094240707458295,0.016291939413249315,0.005829995645134165,84.07424083183561,0.7331372735962176,0.26234980403103686
57,active,9.891027034584597e-05,5.119015823054309e-05,1.8318162864949764e-05,6.405432802034814e-05,4.5440155898382174e-05,1.6260550956035623e-05,15.800791282162766,0.000409521265844339,0.00014654530291959605
57,uniform,0.06262689174623744,0.032412008245122956,0.011598488192599553,0.04484134634320267,0.024425536392184626,0.008740565943959742,84.01786058544414,1.0991491376483071,0.3933254674781881
58,active,0.0001183186853011525,4.018701785133007e-05,1.438073964807703e-05,0.00015174034987344609,5.291017094279003e-05,1.8933661509256047e-05,23.00094654948241,0.0003214961428105082,0.00011504591718456887
58,uniform,0.07491569348666108,0.02544516365973468,0.009105434875686961,0.08271072111906436,0.029578121472600378,0.01058439483492515,121.7219824503579,1.3310154662670188,0.47629776757163245
59,active,0.0001356520072778029,3.779318680554229e-05,1.3524118209822718e-05,0.00016583644794912133,4.686138314182079e-05,1.676913059347614e-05,23.001085216058225,0.0003023454944443722,0.00010819294567859389
59,uniform,0.08589061120995159,0.02392946466064172,0.008563048954655367,0.09153280555883772,0.025018551244601648,0.008952773583541284,122.11897625014768,1.1258348060070746,0.4028748112593579
60,active,0.00012667377008232505,3.763994506158936e-05,1.3469281356011945e-05,0.00013308374947916993,4.509990780852199e-05,1.613879474077884e-05,23.001013390160654,0.00030111956049268983,0.0001077542508480866
60,uniform,0.08020587203224458,0.0238324367779412,0.008528327972748167,0.08185521234320682,0.023422218350712252,0.00838153319383108,121.6834845554443,1.053999825782052,0.37716899372239876
61,active,9.076945200007513e-05,5.227919262473088e-05,1.8707868817965572e-05,5.7628165662319675e-05,3.780790721195447e-05,1.3529385839605815e-05,12.200726155616,0.00041823354099764984,0.00014966295054365402
61,uniform,0.05747238001066115,0.03310155078579465,0.011845237821804624,0.03064595369431782,0.021493394152088743,0.007691312318773103,65.3790679162443,0.9672027368439922,0.34610905434478917
62,active,0.00013234340692879696,5.441268707196792e-05,1.9471330000873884e-05,0.00012126790256279501,5.535285371577383e-05,1.980776431357648e-05,23.00105874725543,0.0004353014965757561,0.00015577064000699562
62,uniform,0.08379570887914592,0.03445241278749625,0.012328637580871542,0.08202332904231527,0.03154954621426407,0.011289860118528042,121.69104980690418,1.4197295796418838,0.5080437053337622
63,active,0.00011083495285196,4.18628956498499e-05,1.4980444816339682e-05,7.441910601716822e-05,1.990059713147702e-05,7.1213372250652755e-06,15.800886679622813,0.0003349031651987207,0.00011984355853068937
63,uniform,0.07017722800361294,0.026506277102272272,0.009485149444472832,0.04441908528761222,0.013863499793599774,0.004960989687776236,83.99885883794256,0.6238574907119903,0.22324453594993077
64,active,0.00012031764257934078,3.667858648798703e-05,1.3125263608624794e-05,0.00013909532071732555,4.57715627862841e-05,1.637914338780372e-05,23.00096254114063,0.000293428691904141,0.00010500210886908594
64,uniform,0.0761813707578738,0.023223734576360466,0.008310506687363736,0.08504942962626684,0.02511681261748194,0.008987935964240485,121.82722433318203,1.1302565677866887,0.4044571183908223
65,active,0.00012220526049433721,4.919828485334367e-05,1.76053801310975e-05,0.0001312180894397423,3.927558148508922e-05,1.4054586333163534e-05,23.00097764208395,0.00039358627882690354,0.00014084304104883515
65,uniform,0.07737655142422693,0.031150816278600425,0.01114717644351921,0.07779097559509372,0.02931367481122861,0.010489763812487523,121.50059390177921,1.3191153665052875,0.47203937156193854
66,active,0.00010980460880442843,3.391203203242283e-05,1.2135264811130557e-05,0.00013950991183719834,5.02227074345159e-05,1.7971965043766288e-05,23.000878436870433,0.0002712962562592164,9.708211848898496e-05
66,uniform,0.06952484635607967,0.021472038763653074,0.007683670391165709,0.07789856199070073,0.024523133059939042,0.008775490462984478,121.50543528958156,1.1035409876972582,0.3948970708343019
67,active,9.942730650125447e-05,3.575064636594296e-05,1.2793204500544473e-05,8.768602185309793e-05,3.108790001432687e-05,1.1124662147497176e-05,15.800795418452015,0.00028600517092749447,0.00010234563600433818
67,uniform,0.06295426287988999,0.022636191893816392,0.00810025723862243,0.04930483433975328,0.02033101724459698,0.007275361084436298,84.21871754528888,0.9148957760068646,0.3273912487996336
68,active,7.759541536288458e-05,3.992861335652135e-05,1.4288270787175622e-05,3.378917626963348e-05,3.5917641804122396e-05,1.285296305062548e-05,12.2006207633229,0.00031942890685199114,0.00011430616629734068
68,uniform,0.04913099176601574,0.0252815500100446,0.009046886483074973,0.023996534018237866,0.01400002538244596,0.005009844742305554,65.0798440308207,0.6300011422100673,0.22544301340374961
69,active,9.578905647615321e-05,3.825615693218624e-05,1.3689789941941143e-05,9.535595757074481e-05,3.316282171217353e-05,1.1867163341222631e-05,15.800766312451811,0.00030604925545739886,0.00010951831953549656
69,uniform,0.06065063667736132,0.024222602874725614,0.008667947117371445,0.043193139346148345,0.015794699354190207,0.005652060575197473,83.94369127057668,0.71076147093856,0.25434272588388657
70,active,0.00011188787004647582,4.860671633492927e-05,1.7393690055491787e-05,9.36975930912536e-05,4.163529626379061e-05,1.4898999422031272e-05,19.40089510296037,0.0003888537306792453,0.00013914952044386672
70,uniform,0.07084390226228764,0.030776253582193047,0.011013140904011318,0.059983665109877,0.026178389632014732,0.009367816420134371,102.69926492994449,1.1780275334406636,0.4215517389060469
71,active,0.00011764488969303715,3.95332760312899e-05,1.4146801142218317e-05,0.00011214689792559334,3.8560548043914426e-05,1.379871490236358e-05,19.400941159117547,0.0003162662082508505,0.00011317440913793664
71,uniform,0.07448906716705544,0.025031234771969415,0.00895731232551935,0.06632151955937256,0.0225331187000896,0.008063372969947299,102.98446838017176,1.013990341504032,0.3628517836476284
72,active,0.0001267666081566465,4.1474867206160055e-05,1.4841590621052151e-05,0.00011131771568584771,5.074224222008491e-05,1.815787817912326e-05,23.001014132865254,0.00033179893764923946,0.00011873272496840253
72,uniform,0.08026465419924778,0.026260589619542432,0.009397231307899474,0.0816085306268825,0.02977544124358142,0.010655004808135755,121.67238387820971,1.3398948559611623,0.47947521636610846
73,active,0.00011154746079973937,4.4858027727922155e-05,1.6052239065559783e-05,8.706413517328872e-05,3.49128541127784e-05,1.2493404393044418e-05,15.800892379686395,0.00035886422182336157,0.00012841791252447265
73,uniform,0.07062836576673096,0.028402701121364053,0.010163776064188935,0.04404574598416676,0.01793057785072863,0.006416374879191759,83.98205856928752,0.8068760032827885,0.2887368695636292
74,active,0.00014394359056677894,4.5453290340593405e-05,1.6265251055818124e-05,0.00015816651223147452,4.501357984279213e-05,1.6107902674985303e-05,23.00115154872453,0.00036362632272490233,0.0001301220084466005
74,uniform,0.09114058259541127,0.028779602802792594,0.010298648598737225,0.09232674755339415,0.028878752038274957,0.010334128696988172,122.15470363990272,1.2995438417223724,0.4650357913644675
