amplitude,C_D_mean,C_D_sd,C_D_ci95,relative_DCR_mean,relative_DCR_sd,relative_DCR_ci95,MDL_gain_mean,MDL_gain_sd,MDL_gain_ci95
0.0,19.197012651944735,0.060315131402814144,0.02158349257843022,1.0001244985409974,0.0015120349220605425,0.0005410747479047749,10.405175273562099,0.02636653689210157,0.009435144052476174
0.002,19.21101416800822,0.041234183175668515,0.014755462946867587,1.0000122095246102,0.0016805724316862449,0.0006013851211658324,10.404262629552838,0.028958956840205764,0.010362829616756827
0.005,19.20955674352128,0.0636571691639346,0.022779425432032714,1.0004251900417462,0.0016120361600110275,0.0005768597313233375,10.399414841675195,0.039313882863228324,0.014068292305306549
0.01,19.227614922170613,0.05481042068390285,0.019613657146015265,0.9994362167596361,0.001523744590457223,0.0005452649989256628,10.404281765060047,0.029044989479571653,0.010393616001368264
0.02,19.228458532931906,0.055092568524255266,0.01971462245400069,0.998951470149658,0.001965425557059231,0.0007033185029630185,10.39468066003742,0.029102805447942855,0.010414305179941394
0.035,19.23717817789508,0.04820022105981389,0.017248227589447815,0.997512908779727,0.0017566890130692233,0.0006286230899999408,10.398614107731191,0.035074757160445065,0.012551340654583852
0.05,19.320099998649773,0.06095421731305878,0.021812186534323697,0.9949041243008085,0.0017760157669913876,0.000635539080069801,10.391970675713592,0.023721734057770578,0.008488713513098607
0.075,19.402003241053794,0.08013926495630125,0.02867746766352031,0.9895810899467098,0.0019057297205569157,0.0006819566222185991,10.39398432720917,0.035021347712930605,0.012532228329247979
0.1,19.57805823905989,0.06742360846800498,0.024127228427330807,0.9818290624275493,0.0022448399655872137,0.0008033056649322753,10.38961667582331,0.03741569635840575,0.013389034988171648
