seed,method,C_D,R_pi,C_bin
0,structured active boundary,8.552149241097528,0.024660199748032897,"(6.902, 42.685]"
0,unstructured table,59.45736177612875,0.14211123878584692,"(42.685, 78.185]"
0,structured active boundary,10.207097386567222,0.016909033064914536,"(6.902, 42.685]"
0,unstructured table,60.52040902730101,0.14843729875215378,"(42.685, 78.185]"
0,structured active boundary,12.55047532982163,0.009429537781554873,"(6.902, 42.685]"
0,unstructured table,76.48792730312067,0.12373855507912367,"(42.685, 78.185]"
0,structured active boundary,15.745509887730384,0.005298506671536335,"(6.902, 42.685]"
0,unstructured table,91.66184125263962,0.11489361687063049,"(78.185, 113.684]"
0,structured active boundary,20.820730921631053,0.0025625670642530725,"(6.902, 42.685]"
0,unstructured table,112.77632203610541,0.0962580220717371,"(78.185, 113.684]"
0,structured active boundary,25.6925944480793,0.0007341044329193063,"(6.902, 42.685]"
0,unstructured table,137.39674966805669,0.09618048047683943,"(113.684, 149.184]"
0,structured active boundary,33.65303768679442,0.00022340939115463002,"(6.902, 42.685]"
0,unstructured table,177.22110050230995,0.07375265439479062,"(149.184, 184.683]"
0,structured active boundary,45.88076916425986,5.702197300149203e-05,"(42.685, 78.185]"
0,unstructured table,226.22477086256043,0.05077652743932281,"(220.183, 255.682]"
0,structured active boundary,58.470342563296185,3.7301594965451784e-05,"(42.685, 78.185]"
0,unstructured table,288.4460464819923,0.041014795187348,"(255.682, 291.182]"
1,structured active boundary,8.17099916529323,0.024499411406344138,"(6.902, 42.685]"
1,unstructured table,49.876202240664675,0.1525460656124345,"(42.685, 78.185]"
1,structured active boundary,9.93720065856117,0.018978746261235413,"(6.902, 42.685]"
1,unstructured table,65.01106445024386,0.13669675154816988,"(42.685, 78.185]"
1,structured active boundary,11.925192229883109,0.009205213682485166,"(6.902, 42.685]"
1,unstructured table,80.16960669322629,0.1437239585070343,"(78.185, 113.684]"
1,structured active boundary,16.180058503195553,0.004574786373142961,"(6.902, 42.685]"
1,unstructured table,88.19086621245174,0.11753239734537964,"(78.185, 113.684]"
1,structured active boundary,20.12607728309213,0.003135952867515015,"(6.902, 42.685]"
1,unstructured table,105.25158760524944,0.10739442517370272,"(78.185, 113.684]"
1,structured active boundary,25.58957892401194,0.0009037496401183282,"(6.902, 42.685]"
1,unstructured table,135.23108214802224,0.09108595050969145,"(113.684, 149.184]"
1,structured active boundary,33.673975169214735,0.00022261923834853605,"(6.902, 42.685]"
1,unstructured table,174.35284386731416,0.07492420049929874,"(149.184, 184.683]"
1,structured active boundary,44.9322178907713,5.938844460617668e-05,"(42.685, 78.185]"
1,unstructured table,225.87374159050742,0.05370503014015181,"(220.183, 255.682]"
1,structured active boundary,58.43290468477001,3.3323545727169556e-05,"(42.685, 78.185]"
1,unstructured table,290.5056667272456,0.043311923897909894,"(255.682, 291.182]"
2,structured active boundary,7.994089774914515,0.023465931760715958,"(6.902, 42.685]"
2,unstructured table,57.22750209627868,0.14276530488190364,"(42.685, 78.185]"
2,structured active boundary,10.152349605076145,0.01719754787753897,"(6.902, 42.685]"
2,unstructured table,63.17747651553536,0.15407094007939498,"(42.685, 78.185]"
2,structured active boundary,12.595159461388649,0.008658494917853697,"(6.902, 42.685]"
2,unstructured table,81.33985738144887,0.13462363391854698,"(78.185, 113.684]"
2,structured active boundary,16.192151837515137,0.00515709130093994,"(6.902, 42.685]"
2,unstructured table,89.19026427887,0.1224558146120848,"(78.185, 113.684]"
2,structured active boundary,19.407237275342794,0.0026554286783919572,"(6.902, 42.685]"
2,unstructured table,111.35227675068604,0.10638527678228768,"(78.185, 113.684]"
2,structured active boundary,26.024249339766914,0.0008345439372695632,"(6.902, 42.685]"
2,unstructured table,135.74435878480645,0.09372509348379658,"(113.684, 149.184]"
2,structured active boundary,33.519852209657294,0.0002416055976061095,"(6.902, 42.685]"
2,unstructured table,175.8280023768041,0.07016188234088856,"(149.184, 184.683]"
2,structured active boundary,45.23094118875754,5.8845555519819134e-05,"(42.685, 78.185]"
2,unstructured table,222.92387851629135,0.05390601034921145,"(220.183, 255.682]"
2,structured active boundary,58.76232973944005,4.0904204830275184e-05,"(42.685, 78.185]"
2,unstructured table,284.3832984988344,0.0429825841063365,"(255.682, 291.182]"
3,structured active boundary,8.238503918200658,0.024385346515248506,"(6.902, 42.685]"
3,unstructured table,53.91151701229956,0.15614689820552685,"(42.685, 78.185]"
3,structured active boundary,9.855233335035058,0.013511000810820156,"(6.902, 42.685]"
3,unstructured table,63.7022007204656,0.12483743868130723,"(42.685, 78.185]"
3,structured active boundary,12.69712886222865,0.009639727636122863,"(6.902, 42.685]"
3,unstructured table,77.04664376524431,0.13026692405795107,"(42.685, 78.185]"
3,structured active boundary,15.596601899376445,0.005872572039796079,"(6.902, 42.685]"
3,unstructured table,94.61401514724663,0.13095357139534125,"(78.185, 113.684]"
3,structured active boundary,20.04921024414834,0.0022909510722963224,"(6.902, 42.685]"
3,unstructured table,109.51687200783304,0.11093923387759923,"(78.185, 113.684]"
3,structured active boundary,25.854426331272357,0.0008481239807381669,"(6.902, 42.685]"
3,unstructured table,138.1995569737123,0.09419097568103686,"(113.684, 149.184]"
3,structured active boundary,34.322376260267525,0.00022997086900099345,"(6.902, 42.685]"
3,unstructured table,174.04710712209982,0.07145264170888521,"(149.184, 184.683]"
3,structured active boundary,45.491719529739825,5.156582387714708e-05,"(42.685, 78.185]"
3,unstructured table,227.43425658934322,0.05604380783540268,"(220.183, 255.682]"
3,structured active boundary,57.70683382399411,3.1212403131910346e-05,"(42.685, 78.185]"
3,unstructured table,285.045810924005,0.039143618506343215,"(255.682, 291.182]"
4,structured active boundary,7.813128495367893,0.024061768874581363,"(6.902, 42.685]"
4,unstructured table,57.91915784588993,0.14821240402233934,"(42.685, 78.185]"
4,structured active boundary,10.031185273905225,0.01402911865374978,"(6.902, 42.685]"
4,unstructured table,66.39406083148154,0.15195263736811274,"(42.685, 78.185]"
4,structured active boundary,13.253050087220346,0.008325472338751885,"(6.902, 42.685]"
4,unstructured table,78.84219007438435,0.1198004302811756,"(78.185, 113.684]"
4,structured active boundary,16.260721501535155,0.005772517117743843,"(6.902, 42.685]"
4,unstructured table,90.64693315319933,0.12302585589128817,"(78.185, 113.684]"
4,structured active boundary,20.07266732372692,0.002428351145019134,"(6.902, 42.685]"
4,unstructured table,110.51647415960866,0.09992610500739295,"(78.185, 113.684]"
4,structured active boundary,26.557075853072767,0.0007859465200753798,"(6.902, 42.685]"
4,unstructured table,129.40457045372654,0.0848875540407913,"(113.684, 149.184]"
4,structured active boundary,34.22582661047378,0.0002069352700364886,"(6.902, 42.685]"
4,unstructured table,175.9133566045678,0.07690145499742321,"(149.184, 184.683]"
4,structured active boundary,45.0626064660389,5.695711928802596e-05,"(42.685, 78.185]"
4,unstructured table,221.03728432111876,0.06054958297102443,"(220.183, 255.682]"
4,structured active boundary,57.73510207022773,3.1659540395325306e-05,"(42.685, 78.185]"
4,unstructured table,286.1456032806408,0.04179041829502853,"(255.682, 291.182]"
5,structured active boundary,8.225770109012386,0.022165777033900373,"(6.902, 42.685]"
5,unstructured table,59.614837854580884,0.16131855773031747,"(42.685, 78.185]"
5,structured active boundary,10.559934745985696,0.01523895629758729,"(6.902, 42.685]"
5,unstructured table,66.6241964944715,0.15005678803045902,"(42.685, 78.185]"
5,structured active boundary,11.648543126547436,0.009605741758584866,"(6.902, 42.685]"
5,unstructured table,79.50939631940723,0.13011810214231995,"(78.185, 113.684]"
5,structured active boundary,16.289067558574057,0.005204214523288957,"(6.902, 42.685]"
5,unstructured table,88.87208674350283,0.1142427667943592,"(78.185, 113.684]"
5,structured active boundary,20.025255185771478,0.002473182121007066,"(6.902, 42.685]"
5,unstructured table,110.24922734675071,0.10128947638431486,"(78.185, 113.684]"
5,structured active boundary,25.98979473230086,0.0008152846871426246,"(6.902, 42.685]"
5,unstructured table,139.5377436087865,0.09497962509313354,"(113.684, 149.184]"
5,structured active boundary,34.461599250530604,0.00022931587836505897,"(6.902, 42.685]"
5,unstructured table,173.7139292157081,0.07604430266821112,"(149.184, 184.683]"
5,structured active boundary,44.96901065947348,5.963010985816535e-05,"(42.685, 78.185]"
5,unstructured table,227.67767830531807,0.05490858412664856,"(220.183, 255.682]"
5,structured active boundary,58.761237160186674,3.747366248520133e-05,"(42.685, 78.185]"
5,unstructured table,288.37415522142464,0.03446813365232507,"(255.682, 291.182]"
6,structured active boundary,8.013752099914702,0.02233976706572737,"(6.902, 42.685]"
6,unstructured table,57.20090685659453,0.15859771776811507,"(42.685, 78.185]"
6,structured active boundary,9.837792880556096,0.013711361782013818,"(6.902, 42.685]"
6,unstructured table,65.36594842158529,0.12998617058057776,"(42.685, 78.185]"
6,structured active boundary,12.888147232729551,0.00871222215897822,"(6.902, 42.685]"
6,unstructured table,78.52640580944,0.1280534771814827,"(78.185, 113.684]"
6,structured active boundary,15.2076176337541,0.004924682342805013,"(6.902, 42.685]"
6,unstructured table,91.19834198208184,0.10296459436461933,"(78.185, 113.684]"
6,structured active boundary,20.435304341491108,0.0025659733175197453,"(6.902, 42.685]"
6,unstructured table,110.93490772371625,0.11374729717609505,"(78.185, 113.684]"
6,structured active boundary,26.53598089602337,0.0009943625874465002,"(6.902, 42.685]"
6,unstructured table,139.00094724052875,0.08660901638724315,"(113.684, 149.184]"
6,structured active boundary,34.14023141252864,0.0002211560869229549,"(6.902, 42.685]"
6,unstructured table,180.54814169360043,0.07646118179628639,"(149.184, 184.683]"
6,structured active boundary,44.25654077157278,5.473392991554668e-05,"(42.685, 78.185]"
6,unstructured table,225.8793489532817,0.047455448882666465,"(220.183, 255.682]"
6,structured active boundary,58.67696784366432,3.998080465575358e-05,"(42.685, 78.185]"
6,unstructured table,283.63716968256864,0.036647170870846346,"(255.682, 291.182]"
7,structured active boundary,8.341489152362161,0.020977348312800268,"(6.902, 42.685]"
7,unstructured table,52.93165861200241,0.1518181442275611,"(42.685, 78.185]"
7,structured active boundary,10.62094938402165,0.016375399421087077,"(6.902, 42.685]"
7,unstructured table,64.51859404894184,0.13705501843346557,"(42.685, 78.185]"
7,structured active boundary,12.973616644623078,0.009219727192000794,"(6.902, 42.685]"
7,unstructured table,78.13078369504059,0.13320351672180197,"(42.685, 78.185]"
7,structured active boundary,16.104322259485116,0.005716994843761422,"(6.902, 42.685]"
7,unstructured table,91.15604760405357,0.12864745395297225,"(78.185, 113.684]"
7,structured active boundary,19.93831679365691,0.002902273839842044,"(6.902, 42.685]"
7,unstructured table,106.6723929421887,0.11753465875243607,"(78.185, 113.684]"
7,structured active boundary,25.833058297348853,0.0008236471343181518,"(6.902, 42.685]"
7,unstructured table,131.97077719963576,0.0855644804104462,"(113.684, 149.184]"
7,structured active boundary,34.198513205320076,0.00022300386170677169,"(6.902, 42.685]"
7,unstructured table,171.50383020587716,0.07378472786529375,"(149.184, 184.683]"
7,structured active boundary,44.73106720974833,6.257798271985267e-05,"(42.685, 78.185]"
7,unstructured table,226.05340434072522,0.05245383651491713,"(220.183, 255.682]"
7,structured active boundary,58.113989045833186,3.606053389303982e-05,"(42.685, 78.185]"
7,unstructured table,287.76096961500923,0.04043943521472675,"(255.682, 291.182]"
8,structured active boundary,7.96246530421881,0.0200559579182138,"(6.902, 42.685]"
8,unstructured table,58.709761759241154,0.13587861851497335,"(42.685, 78.185]"
8,structured active boundary,9.361783265391338,0.015291838451720356,"(6.902, 42.685]"
8,unstructured table,69.8989940786575,0.14651468044671948,"(42.685, 78.185]"
8,structured active boundary,12.692263463818342,0.008628986096110725,"(6.902, 42.685]"
8,unstructured table,80.78995430352568,0.13203470182849,"(78.185, 113.684]"
8,structured active boundary,16.276614061646175,0.005332942540848657,"(6.902, 42.685]"
8,unstructured table,92.61867246254066,0.10292648231082502,"(78.185, 113.684]"
8,structured active boundary,20.300051308529838,0.0023551237480923253,"(6.902, 42.685]"
8,unstructured table,108.84635069968503,0.10943946344595837,"(78.185, 113.684]"
8,structured active boundary,25.424456515053972,0.0008171523644594055,"(6.902, 42.685]"
8,unstructured table,137.096298108213,0.09473055102999373,"(113.684, 149.184]"
8,structured active boundary,34.82215942801452,0.0002346715326679253,"(6.902, 42.685]"
8,unstructured table,171.8739215974412,0.07181676711228126,"(149.184, 184.683]"
8,structured active boundary,44.6111728619557,5.102912959166129e-05,"(42.685, 78.185]"
8,unstructured table,224.2268948606533,0.055059157046543336,"(220.183, 255.682]"
8,structured active boundary,57.14638788809461,3.896460838490626e-05,"(42.685, 78.185]"
8,unstructured table,286.52674018842083,0.04119879170951626,"(255.682, 291.182]"
9,structured active boundary,8.486582559584967,0.0213412671894408,"(6.902, 42.685]"
9,unstructured table,56.121090221562056,0.1584219211050365,"(42.685, 78.185]"
9,structured active boundary,9.598337751903365,0.015568103989751008,"(6.902, 42.685]"
9,unstructured table,65.54522774693089,0.1411183340917744,"(42.685, 78.185]"
9,structured active boundary,13.620559553472578,0.008948346623414472,"(6.902, 42.685]"
9,unstructured table,78.58688110484924,0.12788551323818073,"(78.185, 113.684]"
9,structured active boundary,15.86198600514874,0.005617790518267245,"(6.902, 42.685]"
9,unstructured table,89.69870494121888,0.117174582953537,"(78.185, 113.684]"
9,structured active boundary,20.011330694266114,0.0024702501107578393,"(6.902, 42.685]"
9,unstructured table,112.71230324966398,0.11681478182511223,"(78.185, 113.684]"
9,structured active boundary,25.846625272977814,0.0009545003610672469,"(6.902, 42.685]"
9,unstructured table,140.7075638149079,0.08147676709203408,"(113.684, 149.184]"
9,structured active boundary,33.77811722613292,0.00021558310800826042,"(6.902, 42.685]"
9,unstructured table,172.74507276020907,0.07236317940662927,"(149.184, 184.683]"
9,structured active boundary,44.51809057446486,6.375910297305568e-05,"(42.685, 78.185]"
9,unstructured table,226.6093236585425,0.05480448585412734,"(220.183, 255.682]"
9,structured active boundary,57.739512994178014,4.0027902408797334e-05,"(42.685, 78.185]"
9,unstructured table,287.02039982538196,0.04148428301912793,"(255.682, 291.182]"
10,structured active boundary,8.472777481653774,0.021715233045688634,"(6.902, 42.685]"
10,unstructured table,56.77944506565055,0.1689736010958308,"(42.685, 78.185]"
10,structured active boundary,9.482218815828478,0.016438772173962012,"(6.902, 42.685]"
10,unstructured table,62.27006107662581,0.15145205503943562,"(42.685, 78.185]"
10,structured active boundary,12.69054863073205,0.00883057896965955,"(6.902, 42.685]"
10,unstructured table,79.39068780156245,0.1237684889844825,"(78.185, 113.684]"
10,structured active boundary,16.722720841591947,0.0046877877846611,"(6.902, 42.685]"
10,unstructured table,89.79583174134451,0.12027306981838247,"(78.185, 113.684]"
10,structured active boundary,20.296908328490456,0.002463537710506338,"(6.902, 42.685]"
10,unstructured table,112.11415804137677,0.09355729960274548,"(78.185, 113.684]"
10,structured active boundary,26.160611107871567,0.0007785932186797443,"(6.902, 42.685]"
10,unstructured table,144.2684459979166,0.09873738101763647,"(113.684, 149.184]"
10,structured active boundary,34.44367793110315,0.00022331251495137227,"(6.902, 42.685]"
10,unstructured table,172.76451030199757,0.07362935143359085,"(149.184, 184.683]"
10,structured active boundary,44.93853883322299,5.1468584399335153e-05,"(42.685, 78.185]"
10,unstructured table,224.56194511573358,0.057495539982949685,"(220.183, 255.682]"
10,structured active boundary,58.088663848797246,4.202649705372929e-05,"(42.685, 78.185]"
10,unstructured table,286.0353822549623,0.03457348523314959,"(255.682, 291.182]"
11,structured active boundary,8.2083384748123,0.021704288866702764,"(6.902, 42.685]"
11,unstructured table,53.2176229557659,0.14698340172584565,"(42.685, 78.185]"
11,structured active boundary,10.151208870190684,0.017009132705343457,"(6.902, 42.685]"
11,unstructured table,65.20742458554129,0.14077823516700344,"(42.685, 78.185]"
11,structured active boundary,13.299402949473214,0.009411574565379667,"(6.902, 42.685]"
11,unstructured table,83.8035145927664,0.14127472322163184,"(78.185, 113.684]"
11,structured active boundary,15.810386635094948,0.005535947323597431,"(6.902, 42.685]"
11,unstructured table,88.22281414043431,0.11678797169225227,"(78.185, 113.684]"
11,structured active boundary,19.56920540491842,0.0024020262360694737,"(6.902, 42.685]"
11,unstructured table,108.46911259812364,0.10672536235830556,"(78.185, 113.684]"
11,structured active boundary,25.963000790517277,0.0008447147116506674,"(6.902, 42.685]"
11,unstructured table,134.80448096782644,0.09303908697378627,"(113.684, 149.184]"
11,structured active boundary,34.83336989652983,0.00020852227089510249,"(6.902, 42.685]"
11,unstructured table,172.56202787853587,0.07139567033030605,"(149.184, 184.683]"
11,structured active boundary,44.560975148634064,5.777267281552334e-05,"(42.685, 78.185]"
11,unstructured table,222.59480388170994,0.0549659390290785,"(220.183, 255.682]"
11,structured active boundary,57.92293155740074,4.1379148657286714e-05,"(42.685, 78.185]"
11,unstructured table,281.55279224104015,0.040998903661785276,"(255.682, 291.182]"
12,structured active boundary,8.621271627171202,0.024580079062373535,"(6.902, 42.685]"
12,unstructured table,55.095568887952815,0.14164995988474033,"(42.685, 78.185]"
12,structured active boundary,9.710782255964881,0.01656590797631403,"(6.902, 42.685]"
12,unstructured table,57.561815581058774,0.12904632174204766,"(42.685, 78.185]"
12,structured active boundary,13.117473635481964,0.009080420034616518,"(6.902, 42.685]"
12,unstructured table,77.97858507576794,0.14493527471097006,"(42.685, 78.185]"
12,structured active boundary,15.21387745234349,0.0058858883624997626,"(6.902, 42.685]"
12,unstructured table,92.95386138227647,0.10598298012786506,"(78.185, 113.684]"
12,structured active boundary,19.958874845203574,0.0023970762069494057,"(6.902, 42.685]"
12,unstructured table,108.84963217841167,0.12351105504497267,"(78.185, 113.684]"
12,structured active boundary,26.145905718815268,0.0008341800814326266,"(6.902, 42.685]"
12,unstructured table,137.66399943578358,0.09444162508584637,"(113.684, 149.184]"
12,structured active boundary,33.86990830766756,0.00021889481841879112,"(6.902, 42.685]"
12,unstructured table,177.44940158775168,0.07034781308678155,"(149.184, 184.683]"
12,structured active boundary,45.4093438496943,5.187811300031431e-05,"(42.685, 78.185]"
12,unstructured table,226.9588105442485,0.05863985023968659,"(220.183, 255.682]"
12,structured active boundary,58.256681750218995,3.8005466658150855e-05,"(42.685, 78.185]"
12,unstructured table,286.45770693057716,0.04048483757354013,"(255.682, 291.182]"
13,structured active boundary,7.908720594966697,0.020123765414166675,"(6.902, 42.685]"
13,unstructured table,58.723412690482725,0.16024021859434473,"(42.685, 78.185]"
13,structured active boundary,10.345587918195982,0.01727538850939182,"(6.902, 42.685]"
13,unstructured table,63.69945524852364,0.14677853441364055,"(42.685, 78.185]"
13,structured active boundary,12.780462349727735,0.008605021883814722,"(6.902, 42.685]"
13,unstructured table,74.83439591968309,0.12450258926263033,"(42.685, 78.185]"
13,structured active boundary,16.219534287819975,0.0051260958949496645,"(6.902, 42.685]"
13,unstructured table,90.47164597719443,0.12238399272980005,"(78.185, 113.684]"
13,structured active boundary,19.240796176620968,0.00276263242129843,"(6.902, 42.685]"
13,unstructured table,111.2879548348079,0.11356266217622064,"(78.185, 113.684]"
13,structured active boundary,25.61180192862928,0.0008883947526666979,"(6.902, 42.685]"
13,unstructured table,135.91688432854752,0.0983310588527316,"(113.684, 149.184]"
13,structured active boundary,33.66373457439244,0.00018883609057315052,"(6.902, 42.685]"
13,unstructured table,169.66687072092438,0.06758295764185641,"(149.184, 184.683]"
13,structured active boundary,44.66013932394256,6.147863116399686e-05,"(42.685, 78.185]"
13,unstructured table,226.525032016675,0.05463296907553628,"(220.183, 255.682]"
13,structured active boundary,57.062694443390804,4.0585102105591064e-05,"(42.685, 78.185]"
13,unstructured table,286.3949712687313,0.03801322709198433,"(255.682, 291.182]"
14,structured active boundary,8.4092972698264,0.023655016759508943,"(6.902, 42.685]"
14,unstructured table,57.258993278971964,0.15882742289839843,"(42.685, 78.185]"
14,structured active boundary,9.588213148296356,0.01672094989468041,"(6.902, 42.685]"
14,unstructured table,63.401203644905536,0.14102242221657468,"(42.685, 78.185]"
14,structured active boundary,12.910692714055825,0.00894634463405656,"(6.902, 42.685]"
14,unstructured table,75.11354515138257,0.1306520554753473,"(42.685, 78.185]"
14,structured active boundary,15.773612238772397,0.00528526927613229,"(6.902, 42.685]"
14,unstructured table,89.49486523054469,0.12494232462506256,"(78.185, 113.684]"
14,structured active boundary,20.297250889373178,0.00267184515236261,"(6.902, 42.685]"
14,unstructured table,111.46706072391059,0.10090981034545785,"(78.185, 113.684]"
14,structured active boundary,25.67653296399438,0.0007820537089735612,"(6.902, 42.685]"
14,unstructured table,135.6089684706362,0.09501678860535967,"(113.684, 149.184]"
14,structured active boundary,34.54226320119422,0.00022667563021154925,"(6.902, 42.685]"
14,unstructured table,179.34627638376278,0.06445083086085439,"(149.184, 184.683]"
14,structured active boundary,44.20582400889476,4.877455188822536e-05,"(42.685, 78.185]"
14,unstructured table,226.0144139496296,0.054355255791739776,"(220.183, 255.682]"
14,structured active boundary,58.62615883494636,3.501979710541002e-05,"(42.685, 78.185]"
14,unstructured table,284.537733934596,0.037158221727485986,"(255.682, 291.182]"
15,structured active boundary,8.061523190384447,0.02305545639330118,"(6.902, 42.685]"
15,unstructured table,55.40635075572806,0.13947706627854053,"(42.685, 78.185]"
15,structured active boundary,9.362316482822445,0.01555073709930804,"(6.902, 42.685]"
15,unstructured table,65.25986475506934,0.14349828279772078,"(42.685, 78.185]"
15,structured active boundary,13.201907689809104,0.008581225020941326,"(6.902, 42.685]"
15,unstructured table,78.82479749549923,0.12450163263606608,"(78.185, 113.684]"
15,structured active boundary,16.06552149546034,0.004806247611795464,"(6.902, 42.685]"
15,unstructured table,93.80452393929782,0.1276857607739372,"(78.185, 113.684]"
15,structured active boundary,19.468256235211673,0.0022757113859765863,"(6.902, 42.685]"
15,unstructured table,114.081765572814,0.10997098861641243,"(113.684, 149.184]"
15,structured active boundary,25.881535885547205,0.0008995134776544645,"(6.902, 42.685]"
15,unstructured table,136.99254257147393,0.0920981535687095,"(113.684, 149.184]"
15,structured active boundary,34.04697618621982,0.00021892036509319144,"(6.902, 42.685]"
15,unstructured table,170.12546004737072,0.07083414188555717,"(149.184, 184.683]"
15,structured active boundary,44.711259022508735,6.346525583305085e-05,"(42.685, 78.185]"
15,unstructured table,221.1985321310791,0.05083289385099136,"(220.183, 255.682]"
15,structured active boundary,58.22953906570899,3.7998700165254745e-05,"(42.685, 78.185]"
15,unstructured table,286.0540900989666,0.041401711495368795,"(255.682, 291.182]"
16,structured active boundary,7.789879452137561,0.020348774885056105,"(6.902, 42.685]"
16,unstructured table,55.25547959497601,0.12225712548928962,"(42.685, 78.185]"
16,structured active boundary,9.611984681531617,0.015429892592019953,"(6.902, 42.685]"
16,unstructured table,61.73524165394341,0.14348746318177424,"(42.685, 78.185]"
16,structured active boundary,13.387098389805141,0.008489484734940182,"(6.902, 42.685]"
16,unstructured table,81.09917631858028,0.14811620176443022,"(78.185, 113.684]"
16,structured active boundary,17.222074833203845,0.004660618752873496,"(6.902, 42.685]"
16,unstructured table,88.77547460014546,0.13330339523728146,"(78.185, 113.684]"
16,structured active boundary,19.24284348357524,0.0027990351104749856,"(6.902, 42.685]"
16,unstructured table,113.20853590867293,0.10544756234218929,"(78.185, 113.684]"
16,structured active boundary,26.456847088661124,0.0009032300384132152,"(6.902, 42.685]"
16,unstructured table,136.89333486633998,0.08626884759525114,"(113.684, 149.184]"
16,structured active boundary,34.1994179853134,0.0002253871750569137,"(6.902, 42.685]"
16,unstructured table,171.56635409560667,0.07306341692162771,"(149.184, 184.683]"
16,structured active boundary,45.23435417368223,6.085351231217934e-05,"(42.685, 78.185]"
16,unstructured table,223.27753860404218,0.05189841802636788,"(220.183, 255.682]"
16,structured active boundary,57.87083606278826,3.527974342162804e-05,"(42.685, 78.185]"
16,unstructured table,284.4870071626603,0.04291177736380686,"(255.682, 291.182]"
17,structured active boundary,8.08384490257271,0.022208327565728544,"(6.902, 42.685]"
17,unstructured table,55.24090146450674,0.16376090078582975,"(42.685, 78.185]"
17,structured active boundary,9.94305961719532,0.01807112487076032,"(6.902, 42.685]"
17,unstructured table,67.17004577825242,0.15001084912469817,"(42.685, 78.185]"
17,structured active boundary,13.089474244251523,0.007689205955100623,"(6.902, 42.685]"
17,unstructured table,74.3102232043496,0.12801860224257025,"(42.685, 78.185]"
17,structured active boundary,15.788071256154083,0.005373070179650812,"(6.902, 42.685]"
17,unstructured table,90.34658346939995,0.11629482522919546,"(78.185, 113.684]"
17,structured active boundary,19.111563934763407,0.0028906529541851433,"(6.902, 42.685]"
17,unstructured table,110.16237336513888,0.10633848554102578,"(78.185, 113.684]"
17,structured active boundary,25.235236886982726,0.0008595899161985136,"(6.902, 42.685]"
17,unstructured table,136.5411682977538,0.09129144358843447,"(113.684, 149.184]"
17,structured active boundary,33.63577243359657,0.0002470461841845816,"(6.902, 42.685]"
17,unstructured table,175.6045158871885,0.06996267414560602,"(149.184, 184.683]"
17,structured active boundary,44.90751055000592,5.4299331987717356e-05,"(42.685, 78.185]"
17,unstructured table,228.74331005543937,0.05249689762242987,"(220.183, 255.682]"
17,structured active boundary,56.89961963434299,3.2667742875695655e-05,"(42.685, 78.185]"
17,unstructured table,291.181650906549,0.03823593869217843,"(255.682, 291.182]"
18,structured active boundary,8.282611432809205,0.02502861010554247,"(6.902, 42.685]"
18,unstructured table,57.4739391502234,0.14657047634211137,"(42.685, 78.185]"
18,structured active boundary,9.62139404169611,0.017100133491469577,"(6.902, 42.685]"
18,unstructured table,66.92316774401047,0.14442251172294765,"(42.685, 78.185]"
18,structured active boundary,12.636670342089763,0.008834910363970782,"(6.902, 42.685]"
18,unstructured table,75.795602732877,0.14358513342307203,"(42.685, 78.185]"
18,structured active boundary,15.987944091603065,0.005648161387345751,"(6.902, 42.685]"
18,unstructured table,89.665925907524,0.1179956363569728,"(78.185, 113.684]"
18,structured active boundary,20.045013236447744,0.0026404996324353503,"(6.902, 42.685]"
18,unstructured table,109.41092236474124,0.11174343360231878,"(78.185, 113.684]"
18,structured active boundary,25.965398346858755,0.0007389737562134115,"(6.902, 42.685]"
18,unstructured table,137.3145399854437,0.08577423388628289,"(113.684, 149.184]"
18,structured active boundary,33.49495601042679,0.00023280285399161521,"(6.902, 42.685]"
18,unstructured table,173.25949782845774,0.07482657882902445,"(149.184, 184.683]"
18,structured active boundary,45.18640030893968,5.778157585097548e-05,"(42.685, 78.185]"
18,unstructured table,225.50522244087446,0.055004672249314754,"(220.183, 255.682]"
18,structured active boundary,57.627474452564634,4.329880703563041e-05,"(42.685, 78.185]"
18,unstructured table,287.521252155962,0.04245822663164591,"(255.682, 291.182]"
19,structured active boundary,7.513936356543023,0.023990291374873882,"(6.902, 42.685]"
19,unstructured table,54.66081765450636,0.15797753170263842,"(42.685, 78.185]"
19,structured active boundary,10.142232598467098,0.014939340185179324,"(6.902, 42.685]"
19,unstructured table,65.22163903660902,0.14784027000529018,"(42.685, 78.185]"
19,structured active boundary,12.557695200667434,0.009887248475659081,"(6.902, 42.685]"
19,unstructured table,77.24962178941632,0.14460236462922565,"(42.685, 78.185]"
19,structured active boundary,16.779966829862747,0.004701942685218792,"(6.902, 42.685]"
19,unstructured table,91.46807997083961,0.11666600433706248,"(78.185, 113.684]"
19,structured active boundary,20.002570904935475,0.0023825764885207234,"(6.902, 42.685]"
19,unstructured table,107.17189232194698,0.1027310681445127,"(78.185, 113.684]"
19,structured active boundary,26.595800230355206,0.0007456761770000725,"(6.902, 42.685]"
19,unstructured table,142.02567328833678,0.09161327039727887,"(113.684, 149.184]"
19,structured active boundary,34.748384061217635,0.0002179927708861232,"(6.902, 42.685]"
19,unstructured table,172.24937288790278,0.07326167618994203,"(149.184, 184.683]"
19,structured active boundary,43.89186135480309,5.062346674602889e-05,"(42.685, 78.185]"
19,unstructured table,226.9439814437861,0.05156792417675773,"(220.183, 255.682]"
19,structured active boundary,57.23277120323559,4.119881169414759e-05,"(42.685, 78.185]"
19,unstructured table,285.43714878574036,0.04284795668605009,"(255.682, 291.182]"
20,structured active boundary,8.483136730654184,0.0229832220679392,"(6.902, 42.685]"
20,unstructured table,55.16639419087547,0.1459658483918558,"(42.685, 78.185]"
20,structured active boundary,10.934881888336273,0.01648168192427759,"(6.902, 42.685]"
20,unstructured table,65.36848472865273,0.1282625995149432,"(42.685, 78.185]"
20,structured active boundary,12.697269459731642,0.009013718445307855,"(6.902, 42.685]"
20,unstructured table,80.54431196433323,0.13705469192960085,"(78.185, 113.684]"
20,structured active boundary,15.709935164937134,0.005923814270913505,"(6.902, 42.685]"
20,unstructured table,91.46674864267298,0.11826486521276729,"(78.185, 113.684]"
20,structured active boundary,20.047583662998928,0.002625611850493382,"(6.902, 42.685]"
20,unstructured table,108.8780791825651,0.10554047500795324,"(78.185, 113.684]"
20,structured active boundary,25.79597559194751,0.0009278274855079567,"(6.902, 42.685]"
20,unstructured table,132.05266519775472,0.09263126027864248,"(113.684, 149.184]"
20,structured active boundary,34.105202279159855,0.00022780791056155593,"(6.902, 42.685]"
20,unstructured table,178.97597643205083,0.0717954819286567,"(149.184, 184.683]"
20,structured active boundary,45.08143278150029,6.153290775706108e-05,"(42.685, 78.185]"
20,unstructured table,222.7829353286916,0.05310207110059312,"(220.183, 255.682]"
20,structured active boundary,58.16480300404102,3.787518758903741e-05,"(42.685, 78.185]"
20,unstructured table,281.92892010439635,0.04075591430097039,"(255.682, 291.182]"
21,structured active boundary,8.048559979267159,0.021453866539196134,"(6.902, 42.685]"
21,unstructured table,54.95860500267803,0.14950367767282363,"(42.685, 78.185]"
21,structured active boundary,10.336625345778765,0.016058329046562948,"(6.902, 42.685]"
21,unstructured table,66.1462444804062,0.14544855891168285,"(42.685, 78.185]"
21,structured active boundary,12.887281526772915,0.009657481590546631,"(6.902, 42.685]"
21,unstructured table,74.91750253447968,0.1435630293623017,"(42.685, 78.185]"
21,structured active boundary,16.299638998579223,0.004861968713257837,"(6.902, 42.685]"
21,unstructured table,92.58318453085606,0.13253464555140904,"(78.185, 113.684]"
21,structured active boundary,19.414698182277053,0.0025767505593279104,"(6.902, 42.685]"
21,unstructured table,113.74530201526008,0.10638191258661293,"(113.684, 149.184]"
21,structured active boundary,26.23894966186157,0.0008769569830892322,"(6.902, 42.685]"
21,unstructured table,139.03198412632258,0.08243731835152808,"(113.684, 149.184]"
21,structured active boundary,34.047533705091226,0.0002260790923794666,"(6.902, 42.685]"
21,unstructured table,172.79798291075846,0.07062474137280861,"(149.184, 184.683]"
21,structured active boundary,45.34121937286992,6.591164180391753e-05,"(42.685, 78.185]"
21,unstructured table,223.0615854963709,0.05645026404575087,"(220.183, 255.682]"
21,structured active boundary,57.914064019432296,3.88806903681882e-05,"(42.685, 78.185]"
21,unstructured table,287.4013344296163,0.03998451602772055,"(255.682, 291.182]"
22,structured active boundary,8.125862064640538,0.027404485929958707,"(6.902, 42.685]"
22,unstructured table,55.109522298343244,0.13988268652627497,"(42.685, 78.185]"
22,structured active boundary,10.606288470353451,0.016205815393504366,"(6.902, 42.685]"
22,unstructured table,68.55050409408949,0.13555317510423354,"(42.685, 78.185]"
22,structured active boundary,13.144426696111283,0.009777390283987686,"(6.902, 42.685]"
22,unstructured table,71.9756217075133,0.1324275977973697,"(42.685, 78.185]"
22,structured active boundary,15.734118637082224,0.004709629976486555,"(6.902, 42.685]"
22,unstructured table,89.34218621540417,0.11335730281571023,"(78.185, 113.684]"
22,structured active boundary,19.18952229572072,0.00245885191272137,"(6.902, 42.685]"
22,unstructured table,108.79436587949515,0.11492700754968636,"(78.185, 113.684]"
22,structured active boundary,25.415528335538497,0.0008799907261277649,"(6.902, 42.685]"
22,unstructured table,138.7672945368026,0.10315836855211812,"(113.684, 149.184]"
22,structured active boundary,34.73271169150844,0.0002079120662897772,"(6.902, 42.685]"
22,unstructured table,177.3976097781701,0.07949741546711793,"(149.184, 184.683]"
22,structured active boundary,44.68263337776659,6.368716745124252e-05,"(42.685, 78.185]"
22,unstructured table,221.2919823620126,0.05516183862350068,"(220.183, 255.682]"
22,structured active boundary,58.715606466201756,3.852976582827332e-05,"(42.685, 78.185]"
22,unstructured table,283.3367314488098,0.040860184313575784,"(255.682, 291.182]"
23,structured active boundary,7.185591283652224,0.024938877279011982,"(6.902, 42.685]"
23,unstructured table,51.22844063965193,0.15493788122907678,"(42.685, 78.185]"
23,structured active boundary,9.14299641074813,0.013523320747589598,"(6.902, 42.685]"
23,unstructured table,62.89722663971695,0.15182206724526753,"(42.685, 78.185]"
23,structured active boundary,13.792934562969927,0.008655588186459435,"(6.902, 42.685]"
23,unstructured table,75.2861020407554,0.11123619319545047,"(42.685, 78.185]"
23,structured active boundary,16.730043745421327,0.0052633234095542415,"(6.902, 42.685]"
23,unstructured table,94.78117931202296,0.11859965588111963,"(78.185, 113.684]"
23,structured active boundary,20.164568204748015,0.0024418532952897288,"(6.902, 42.685]"
23,unstructured table,110.77309666039775,0.11677238003906804,"(78.185, 113.684]"
23,structured active boundary,26.094704998724815,0.000747887470533498,"(6.902, 42.685]"
23,unstructured table,141.00479958968947,0.08885456452476852,"(113.684, 149.184]"
23,structured active boundary,34.29742072225116,0.0002436609574959343,"(6.902, 42.685]"
23,unstructured table,173.71117148630208,0.07919524038888216,"(149.184, 184.683]"
23,structured active boundary,44.944523034815404,5.5864410706839956e-05,"(42.685, 78.185]"
23,unstructured table,221.78573663709614,0.05211288648386515,"(220.183, 255.682]"
23,structured active boundary,57.941532623587314,3.7119023675176696e-05,"(42.685, 78.185]"
23,unstructured table,287.84027408485514,0.03762952381853437,"(255.682, 291.182]"
24,structured active boundary,8.400751622869294,0.02344450355318526,"(6.902, 42.685]"
24,unstructured table,54.42966371623654,0.15063561751390322,"(42.685, 78.185]"
24,structured active boundary,9.71378398757846,0.01493287755288916,"(6.902, 42.685]"
24,unstructured table,66.22530529755701,0.13932651996152592,"(42.685, 78.185]"
24,structured active boundary,13.125176482708628,0.009564219197792767,"(6.902, 42.685]"
24,unstructured table,76.61982429529765,0.12919207441183617,"(42.685, 78.185]"
24,structured active boundary,16.303109765110346,0.0050536313429471276,"(6.902, 42.685]"
24,unstructured table,89.6767681153733,0.12615918986631794,"(78.185, 113.684]"
24,structured active boundary,19.686054284917542,0.002499578781958459,"(6.902, 42.685]"
24,unstructured table,110.68124606638514,0.11254312816315651,"(78.185, 113.684]"
24,structured active boundary,25.91795966635236,0.000824884072020458,"(6.902, 42.685]"
24,unstructured table,140.03078169404287,0.08992335963313439,"(113.684, 149.184]"
24,structured active boundary,33.62549317520359,0.0002144745126219705,"(6.902, 42.685]"
24,unstructured table,173.2027268205967,0.06632228086521336,"(149.184, 184.683]"
24,structured active boundary,44.66124002746742,6.295045077073993e-05,"(42.685, 78.185]"
24,unstructured table,226.26181677847572,0.0585595303849934,"(220.183, 255.682]"
24,structured active boundary,58.73418324242512,3.940171573621248e-05,"(42.685, 78.185]"
24,unstructured table,283.1246172767661,0.03687790494182951,"(255.682, 291.182]"
25,structured active boundary,7.64637358636401,0.021114206456661767,"(6.902, 42.685]"
25,unstructured table,55.73709721148531,0.14299053301543516,"(42.685, 78.185]"
25,structured active boundary,10.280882537832627,0.01582389468869743,"(6.902, 42.685]"
25,unstructured table,65.79237083722147,0.1352031456872216,"(42.685, 78.185]"
25,structured active boundary,12.607525438548493,0.008757425495759148,"(6.902, 42.685]"
25,unstructured table,78.30691743123319,0.12622362891168395,"(78.185, 113.684]"
25,structured active boundary,16.38116426883307,0.00501888392248317,"(6.902, 42.685]"
25,unstructured table,88.58497667921299,0.11350292194368024,"(78.185, 113.684]"
25,structured active boundary,20.30145959813789,0.0026561098689455694,"(6.902, 42.685]"
25,unstructured table,109.13031885624652,0.11747199595138837,"(78.185, 113.684]"
25,structured active boundary,25.598367164443765,0.000836683452996631,"(6.902, 42.685]"
25,unstructured table,141.82784803310088,0.0861303480638904,"(113.684, 149.184]"
25,structured active boundary,34.21069463417685,0.0002243963741997991,"(6.902, 42.685]"
25,unstructured table,170.9580001974686,0.07346681550018397,"(149.184, 184.683]"
25,structured active boundary,44.89596535026361,4.922871572270838e-05,"(42.685, 78.185]"
25,unstructured table,225.66639963544458,0.05217389640096148,"(220.183, 255.682]"
25,structured active boundary,58.16045116187443,3.662808961603724e-05,"(42.685, 78.185]"
25,unstructured table,282.19540259243934,0.0381621191222931,"(255.682, 291.182]"
26,structured active boundary,7.951604607002673,0.021271463553096105,"(6.902, 42.685]"
26,unstructured table,52.51832136017988,0.13939888586210009,"(42.685, 78.185]"
26,structured active boundary,10.652002960249963,0.016117488521104277,"(6.902, 42.685]"
26,unstructured table,61.56413206476662,0.1344069567605699,"(42.685, 78.185]"
26,structured active boundary,13.117827551447336,0.008944180487684264,"(6.902, 42.685]"
26,unstructured table,75.10459713950272,0.14021203701344717,"(42.685, 78.185]"
26,structured active boundary,16.400479165513996,0.004687869810106621,"(6.902, 42.685]"
26,unstructured table,89.41477453769082,0.11516658455656405,"(78.185, 113.684]"
26,structured active boundary,19.635381011340492,0.0022146006595743337,"(6.902, 42.685]"
26,unstructured table,106.5838361059757,0.10728885336138473,"(78.185, 113.684]"
26,structured active boundary,26.57041327813834,0.0008594049941034672,"(6.902, 42.685]"
26,unstructured table,134.07295710323746,0.09637270071475541,"(113.684, 149.184]"
26,structured active boundary,34.47913206871286,0.0001849324448183819,"(6.902, 42.685]"
26,unstructured table,174.90354790927276,0.06356088085856394,"(149.184, 184.683]"
26,structured active boundary,44.48101519699811,5.6033016900278754e-05,"(42.685, 78.185]"
26,unstructured table,225.52910506209258,0.054656261255365206,"(220.183, 255.682]"
26,structured active boundary,58.55095922706977,3.402125014587971e-05,"(42.685, 78.185]"
26,unstructured table,286.9086402065162,0.04301610144719698,"(255.682, 291.182]"
27,structured active boundary,8.105626296186152,0.02479142018112737,"(6.902, 42.685]"
27,unstructured table,61.288554733078364,0.15340274753845612,"(42.685, 78.185]"
27,structured active boundary,10.246774544532016,0.015700328943130084,"(6.902, 42.685]"
27,unstructured table,64.5960256909146,0.1373416918687643,"(42.685, 78.185]"
27,structured active boundary,12.50563133922597,0.008888977282402982,"(6.902, 42.685]"
27,unstructured table,79.14621591426518,0.12992632411688318,"(78.185, 113.684]"
27,structured active boundary,14.43478794435767,0.005359180078061243,"(6.902, 42.685]"
27,unstructured table,91.30638000316252,0.11359693561326614,"(78.185, 113.684]"
27,structured active boundary,20.278686182537598,0.0024276767353159463,"(6.902, 42.685]"
27,unstructured table,112.79595653728309,0.10318407304979854,"(78.185, 113.684]"
27,structured active boundary,25.691528234979632,0.0007357711558890592,"(6.902, 42.685]"
27,unstructured table,138.01592448666796,0.09886383472792047,"(113.684, 149.184]"
27,structured active boundary,33.67960416313066,0.00020129668890658467,"(6.902, 42.685]"
27,unstructured table,170.38672098019265,0.06338082978369404,"(149.184, 184.683]"
27,structured active boundary,44.89711456741667,6.080922422957741e-05,"(42.685, 78.185]"
27,unstructured table,224.67929768865753,0.051942387689094545,"(220.183, 255.682]"
27,structured active boundary,57.75747292856593,3.105520672244732e-05,"(42.685, 78.185]"
27,unstructured table,285.0043025916536,0.03402957639711757,"(255.682, 291.182]"
28,structured active boundary,8.326655863113578,0.02363516422978153,"(6.902, 42.685]"
28,unstructured table,55.12126051467612,0.14736383242784806,"(42.685, 78.185]"
28,structured active boundary,10.277230275534578,0.018279496376635014,"(6.902, 42.685]"
28,unstructured table,62.56158029436776,0.14257420263125664,"(42.685, 78.185]"
28,structured active boundary,13.06986048528229,0.008437613485122725,"(6.902, 42.685]"
28,unstructured table,77.09946582767103,0.13011599421620038,"(42.685, 78.185]"
28,structured active boundary,15.768632176680015,0.005517522380900025,"(6.902, 42.685]"
28,unstructured table,90.91383900531113,0.11700722541254545,"(78.185, 113.684]"
28,structured active boundary,20.36040830287364,0.0025277468158811617,"(6.902, 42.685]"
28,unstructured table,116.04797552092151,0.09812575216490665,"(113.684, 149.184]"
28,structured active boundary,25.003605782878854,0.0009476445439597053,"(6.902, 42.685]"
28,unstructured table,135.1792053774473,0.09220676216000183,"(113.684, 149.184]"
28,structured active boundary,34.55314690565003,0.0001991283319088297,"(6.902, 42.685]"
28,unstructured table,178.134224320348,0.07018824923580244,"(149.184, 184.683]"
28,structured active boundary,45.23579624764774,5.8950037461826647e-05,"(42.685, 78.185]"
28,unstructured table,226.30877106827114,0.05541132983177206,"(220.183, 255.682]"
28,structured active boundary,58.27566301924205,3.656647309624378e-05,"(42.685, 78.185]"
28,unstructured table,283.0460953502526,0.043752745913876775,"(255.682, 291.182]"
29,structured active boundary,7.458229780633667,0.024012503507280184,"(6.902, 42.685]"
29,unstructured table,54.72986579658596,0.1503246868291833,"(42.685, 78.185]"
29,structured active boundary,10.745282967171205,0.015053418369829494,"(6.902, 42.685]"
29,unstructured table,63.73522668219416,0.1555862690615865,"(42.685, 78.185]"
29,structured active boundary,12.483771509793295,0.00832618038716376,"(6.902, 42.685]"
29,unstructured table,77.81684797391655,0.12882691335899393,"(42.685, 78.185]"
29,structured active boundary,17.1218327681726,0.0047930804286997674,"(6.902, 42.685]"
29,unstructured table,91.27261828571874,0.10957273695485627,"(78.185, 113.684]"
29,structured active boundary,20.799807869385496,0.0026362035359797915,"(6.902, 42.685]"
29,unstructured table,109.34817904185395,0.11994321592518221,"(78.185, 113.684]"
29,structured active boundary,26.219980408138046,0.0008582969203858415,"(6.902, 42.685]"
29,unstructured table,137.86933204279063,0.08548257903034616,"(113.684, 149.184]"
29,structured active boundary,34.01493838633314,0.00023610838674000489,"(6.902, 42.685]"
29,unstructured table,171.27727893170493,0.06552409291975676,"(149.184, 184.683]"
29,structured active boundary,46.50155143983011,5.426490697803553e-05,"(42.685, 78.185]"
29,unstructured table,225.51054597999723,0.0479975631930793,"(220.183, 255.682]"
29,structured active boundary,58.139952961527726,3.771672724366658e-05,"(42.685, 78.185]"
29,unstructured table,283.445934860459,0.03996651058402022,"(255.682, 291.182]"
