seed,actions,boundaries,C_B,C_D_structured,C_D_unstructured,R_pi_active,R_pi_uniform
0,2,1,1,8.33634081652177,47.24750830779067,7.816230481300179e-05,0.03779010435574384
0,3,2,2,11.486840524878291,70.15437101180427,0.00010803335321343998,0.03916621861712706
0,4,3,3,14.881462738748041,96.03336975818866,0.00016795114467208164,0.03597801632984273
0,6,5,5,21.509096534649135,153.93793348307887,0.00024816751836246855,0.042409246284851675
0,8,7,7,27.31115187038324,218.86745216463993,0.0002957168312596857,0.047629624706571276
0,12,11,11,40.610516868674075,363.40419851712016,0.00046628603391565555,0.0698520225423877
0,16,15,15,52.99874130366329,522.9373975147239,0.0006479384111191885,0.0670685665818227
1,2,1,1,8.104333658978504,47.93923364633155,6.094537015349834e-05,0.03886429773507342
1,3,2,2,11.024922075027877,72.8611607395812,0.00012660438979811067,0.039241325052008995
1,4,3,3,13.912278313362327,97.40965199160226,0.0001519398915718426,0.03442253955863556
1,6,5,5,20.24705050888973,157.99946956510502,0.0002579422226398926,0.045236635353382224
1,8,7,7,27.461286660835643,214.61798252734124,0.0003600457214911778,0.04496542043102478
1,12,11,11,40.11613473566081,362.6369872990133,0.0004893461097839917,0.057174504739952614
1,16,15,15,53.60893811447423,521.8839124610978,0.0006888771120716269,0.06799390705307058
2,2,1,1,8.354670660485658,51.066542739686525,6.44290979646782e-05,0.03671836892041753
2,3,2,2,11.105699622524023,73.51079135353665,9.650908674855737e-05,0.03752993552350514
2,4,3,3,14.862378122442905,99.90480951023912,0.00017524574285909087,0.03866963285641542
2,6,5,5,21.27554567215156,154.26689162067817,0.0002340459122904719,0.042557456389648855
2,8,7,7,27.559285113783428,216.4260840579107,0.0003547433671197561,0.05797347596407777
2,12,11,11,39.90020082823775,366.0355114393479,0.0005388129431203861,0.05320189887814143
2,16,15,15,53.13576585219213,526.0114662257994,0.0007905061868387477,0.07430173756253311
3,2,1,1,8.400543770369868,48.95409640818893,6.098671460589669e-05,0.03366300456077063
3,3,2,2,12.008716564738629,73.36893006960968,0.00011067046931780484,0.03697756739027751
3,4,3,3,14.908573236597604,101.58548800507295,0.00017710957331538456,0.038509621710432346
3,6,5,5,20.95768476288711,155.26808931448517,0.000282664875322842,0.0418517262503227
3,8,7,7,27.09872550063654,220.93404924044577,0.00031914118108280224,0.05281593357170199
3,12,11,11,40.312894432483645,362.25524863975284,0.0006143979811750614,0.06081469700902232
3,16,15,15,53.20230145525209,525.739993071318,0.000769329415542443,0.07767857435455086
4,2,1,1,8.199031529493015,46.107212460899454,6.644008324088037e-05,0.02846987853840794
4,3,2,2,11.522866491410511,72.09032370987278,0.00011730730449692552,0.02692893613647119
4,4,3,3,14.577295604233157,99.24341791736755,0.00015520295569209456,0.03442125186070111
4,6,5,5,20.668616320772404,154.76349945209532,0.00023565804390343498,0.03928498608123753
4,8,7,7,27.509550281580037,218.60823907666867,0.00035587311924777196,0.05151939088055366
4,12,11,11,40.51997836985403,361.146513996963,0.000529594026004579,0.05704253667337348
4,16,15,15,53.09325666872762,527.1154240147425,0.0007153093446596677,0.07239265231131249
5,2,1,1,7.98145782641458,47.91340165388943,8.808487717335235e-05,0.033430852569621874
5,3,2,2,11.973609537126933,71.65372080331147,0.00011890968582924208,0.03829216866012901
5,4,3,3,15.148500662328168,95.73993218056918,0.00014995616116946758,0.04210149174778121
5,6,5,5,20.8053371511989,155.40096695363465,0.0002696310087890188,0.045901426241820725
5,8,7,7,27.471457643869346,220.18709637453225,0.0003453362581345676,0.053203522886810406
5,12,11,11,40.37568476323415,362.6826567096399,0.0004132821966603646,0.049898008792693065
5,16,15,15,52.954218451718084,522.0190801970305,0.0006976691369715861,0.06958392957578084
6,2,1,1,7.0828019884220295,51.385552737957774,7.687780945931157e-05,0.03187811926985489
6,3,2,2,12.174928047055245,71.06240473827874,0.000116719232328971,0.030142426106682385
6,4,3,3,14.507582981763019,99.66175418587873,0.00016752702305090377,0.027430555954881624
6,6,5,5,21.026126363449485,155.22966585154978,0.00024249279906731272,0.04152905563704055
6,8,7,7,27.32920959001111,219.8430566240557,0.0003794644607674583,0.04546612433939768
6,12,11,11,39.93498893601829,363.55259399118796,0.0005627020055503467,0.0600494027656015
6,16,15,15,53.16874503338894,526.8868030974024,0.0008235318380982903,0.07713275835418942
7,2,1,1,8.09134318837892,47.06689588013718,9.631215121427752e-05,0.030134274787603152
7,3,2,2,11.680736137424331,76.13382036829597,0.00011010981320748201,0.03543536511554255
7,4,3,3,14.079908922314978,99.37912167168876,0.00015599186081685342,0.03886865475263892
7,6,5,5,20.789032420836765,154.40791541129258,0.00023864875431008195,0.04413212059192782
7,8,7,7,27.896524212381543,214.23495299487288,0.0003698653059800369,0.04389530231776152
7,12,11,11,39.78903599820018,364.00414223111164,0.0005012974754266416,0.06222409883255604
7,16,15,15,53.12332319954923,525.963746934244,0.0006934181214378544,0.06149397188623562
8,2,1,1,8.200082162191636,54.450133203801684,6.813586569648199e-05,0.035780573802929344
8,3,2,2,10.92521402294839,72.38542428459324,0.00010702998550707999,0.029654200200346523
8,4,3,3,14.922460968820532,96.25196123093261,0.0001565695039536968,0.04003550180101429
8,6,5,5,20.437252914529846,156.91127349038138,0.00025702153108668674,0.04005041158440614
8,8,7,7,27.05401404317337,221.40255996854054,0.00040625956769959915,0.04344862585805957
8,12,11,11,41.08969257718148,367.3162263177789,0.0005977255618990593,0.052619211183270224
8,16,15,15,53.09785577168465,528.6190265786781,0.0007202780644611705,0.06696174860655466
9,2,1,1,8.325381219093961,50.55080841542372,6.632581805088857e-05,0.031052429213432292
9,3,2,2,12.061779833578612,72.3731082846386,0.00011562499397346814,0.03267257392618539
9,4,3,3,14.856703122094148,98.58846175550528,0.0001592756356903943,0.038252764176938
9,6,5,5,21.59932765432984,155.582734649491,0.0002875010923431681,0.05428929714196771
9,8,7,7,28.06760025991395,215.787023523567,0.00030401567286681607,0.04713045543873642
9,12,11,11,39.87140019114638,363.31968880973994,0.000547822482001529,0.05667150992893037
9,16,15,15,52.597885069204686,525.4128108006183,0.0006875787231099222,0.055512835433672164
10,2,1,1,8.677540702494328,49.83957179797275,7.06552434349635e-05,0.03169355694005367
10,3,2,2,11.624795318727902,73.59631404504744,0.00013024394129889638,0.037796886657003176
10,4,3,3,13.920752851277541,96.2395202836114,0.00017655999786542868,0.042517230674656924
10,6,5,5,21.48188049261763,154.3694788783551,0.0002521286660220608,0.04204689540206789
10,8,7,7,27.23182919520555,219.04080903982492,0.0003646778053734081,0.05122404248658985
10,12,11,11,40.84807813998093,362.48351975846555,0.0006087509261383111,0.0645967257102757
10,16,15,15,53.11451688432743,528.62661003265,0.0007300756676464571,0.07834105326906976
11,2,1,1,8.141238034599134,54.28438612727916,7.018602266743528e-05,0.03324044377240784
11,3,2,2,10.6515472364819,71.74380348968575,0.0001254969137771457,0.0335212396213203
11,4,3,3,14.552272872471553,96.66364764545521,0.00014089299176101545,0.044372971502538036
11,6,5,5,21.143091155127284,152.6487285529054,0.00023495034206137002,0.04515607892935107
11,8,7,7,27.4016754728909,220.33096758273035,0.0003465904548417415,0.05130470226543607
11,12,11,11,40.20012224248357,365.3260002219957,0.0005616476275050045,0.056809312506016826
11,16,15,15,52.29012985173586,530.0716066720594,0.0006486174288762779,0.06974296885061286
12,2,1,1,8.37165952631588,47.21607736963068,8.047383692627266e-05,0.03547886261357181
12,3,2,2,11.31124306686915,70.2083483727295,0.00010525635587626393,0.038010171746642445
12,4,3,3,14.130041309499665,100.00422773651339,0.00015616729644669908,0.03598136991599923
12,6,5,5,21.031361833593134,158.94888333607804,0.0002546059074775055,0.04331776407521805
12,8,7,7,27.22669400346936,219.9329701940605,0.0003739055760606215,0.04574810675168416
12,12,11,11,40.395923521822084,367.6606560846795,0.0005992401987125118,0.06414133286483928
12,16,15,15,52.995708022022825,524.5486766907289,0.0006787371193179799,0.06292025807939688
13,2,1,1,8.043762715731276,49.40283654276354,6.599833974511758e-05,0.033469723621678805
13,3,2,2,11.548101476210308,73.4581625475159,0.00011157639916924157,0.030683235695646804
13,4,3,3,14.859637998990221,97.04108634792811,0.0001694109969627791,0.042125987336604914
13,6,5,5,21.573785954927004,150.8660222156144,0.00024360558839187037,0.04040167048222458
13,8,7,7,26.711419454793468,218.52833870457107,0.00034850608690382387,0.051846041308623504
13,12,11,11,40.01034072638591,363.89905918476546,0.0005728300444913905,0.05032185253763521
13,16,15,15,53.21938890431753,526.2236502388523,0.0006836880661000386,0.06361116574168896
14,2,1,1,8.474578423568497,48.89741057584528,7.523159116523562e-05,0.03453995661107089
14,3,2,2,11.509896819271962,77.39560330654189,0.0001259505731675956,0.03686088444562717
14,4,3,3,14.82521499658564,96.62860708827115,0.00017639615662635942,0.040701852813450616
14,6,5,5,21.01495010689425,156.82052227040566,0.00023273044275991017,0.039883041376774765
14,8,7,7,28.10983872175131,218.37941589069695,0.00040715529675362317,0.04996363309946682
14,12,11,11,40.174176194019395,365.0096761263147,0.0005571654913720412,0.05045806536064256
14,16,15,15,53.47548393874597,525.8613735578117,0.0007803262536354452,0.06928353267585913
15,2,1,1,8.769550676637804,48.74710409203671,6.629061941003008e-05,0.04139696336709229
15,3,2,2,11.879841688135206,73.75597214923421,0.0001111772132129794,0.03839244853726041
15,4,3,3,14.733846492803304,96.89122589611291,0.00018195001660638134,0.04282460311966589
15,6,5,5,21.212965453014824,156.8397420357112,0.00025708983283909175,0.03341320417312289
15,8,7,7,27.498333699590074,218.34138193047335,0.0003144006897858856,0.04376323898504117
15,12,11,11,39.571186850019295,366.13106308079534,0.0005463115199340479,0.05470788645561404
15,16,15,15,52.525207446303696,526.7073408038576,0.0008069416958698391,0.06234420763512437
16,2,1,1,8.17785731275187,55.42215602535552,5.645561640072488e-05,0.03404957215784112
16,3,2,2,11.417545601504738,75.14374038129961,0.0001233039802268452,0.040352405758915084
16,4,3,3,14.71180491751627,96.80002447877145,0.00016532189136145102,0.04699536728249971
16,6,5,5,20.69737412608787,151.68012567622873,0.0002453809959532632,0.04548717345856818
16,8,7,7,26.626609480845065,223.02639038651733,0.0003789615911150196,0.04942290407818016
16,12,11,11,40.028246202188065,362.573462158018,0.0005571429979603023,0.0630577030409211
16,16,15,15,52.6488008804019,526.6844144055684,0.0007040434353070943,0.05549659107739526
17,2,1,1,7.2585630554429414,49.78487471267374,7.321875169822845e-05,0.027911943045833363
17,3,2,2,11.861508716704831,73.6165285682503,0.00011760358238950589,0.037827590171095916
17,4,3,3,14.79256051784221,95.92542172234684,0.00015399823784310575,0.044385135810318777
17,6,5,5,20.261539313989637,157.15793179320315,0.00028210024674089115,0.042980253799349596
17,8,7,7,27.467180858015187,214.43747476042492,0.0004327258651342117,0.0477506088857782
17,12,11,11,39.47303214095512,364.90787032255946,0.0004949911144636265,0.06545427442578244
17,16,15,15,53.119853013757925,527.3149275242941,0.0006545402340884164,0.07552121249432824
18,2,1,1,8.016114708993074,49.571986374897705,7.085643851518604e-05,0.03454163985308128
18,3,2,2,10.793011039487169,76.2158312637805,0.0001286098066921384,0.04388057638096755
18,4,3,3,15.470627747816525,95.6216551521878,0.00014074040941877992,0.03869678556837453
18,6,5,5,20.88924010159372,155.63526683753378,0.0002527164867635985,0.046860801318221186
18,8,7,7,27.41195891631176,215.89006473770976,0.00033071251593121755,0.04281790040318272
18,12,11,11,39.46166725358648,363.77197531289704,0.0004679306687660383,0.060459565504603484
18,16,15,15,53.18130073941129,526.9847706880961,0.0007005491156446104,0.07345738778579185
19,2,1,1,8.50831676637805,49.6809380760801,7.623804255586311e-05,0.03077394334366812
19,3,2,2,12.035193941279037,75.2624020321621,0.00012791752098166765,0.03510798736063483
19,4,3,3,13.801456141172206,96.89277031346225,0.0001502732170710011,0.04018730945682634
19,6,5,5,20.35036556407225,156.6318092338244,0.00020315437517910278,0.03356313372864251
19,8,7,7,26.826730771456784,218.7417191759038,0.00037937069624002014,0.04671084601991157
19,12,11,11,40.12046511118914,362.9622641025346,0.0005275005779716826,0.06853265209370574
19,16,15,15,53.3186923388235,526.6868082855038,0.0007021479227825992,0.0792708351490601
20,2,1,1,8.18860741592453,49.16818451158034,7.20986426664937e-05,0.044365885649876195
20,3,2,2,10.903285295295523,72.69473039817075,0.00011566175746446339,0.03691387452999716
20,4,3,3,14.693376766201164,95.44067905917649,0.00014447717202297668,0.041516552879958035
20,6,5,5,20.48652060748681,154.9548321519113,0.0002498421258971897,0.04228426576109651
20,8,7,7,27.88566715014521,216.1899499986128,0.0003395345909611243,0.05085735054279934
20,12,11,11,39.97905924425166,365.240755526832,0.0005488862225155093,0.06390649201914661
20,16,15,15,53.2965634094882,527.28126070466,0.0007473393028635237,0.06763772835144513
21,2,1,1,8.750720936720093,51.35559102725425,6.9337692564819e-05,0.03665708381984154
21,3,2,2,11.42986698527817,73.06674023810606,0.00013714217751902052,0.02787345002993243
21,4,3,3,14.459471971823586,96.67099959913425,0.0001736468133386337,0.03444711733482808
21,6,5,5,20.73426018265743,150.71738847346057,0.00024875375837823656,0.04619715767057317
21,8,7,7,27.774468028315948,222.0638866735477,0.0003149210550600954,0.05013815110885139
21,12,11,11,40.09091834070693,362.8031472066098,0.0005195231815673315,0.0631965829583904
21,16,15,15,52.62855374748722,528.6012927170127,0.0007129695970543229,0.06742620339716099
22,2,1,1,8.345391952314394,51.525618766838214,5.861647289228779e-05,0.03253405219779769
22,3,2,2,11.58194171796953,72.70898294313727,0.00013135912967487693,0.029018431946060675
22,4,3,3,15.076763347060048,102.41326213971533,0.00015973103295830466,0.03933663306176467
22,6,5,5,21.225424499601374,155.8571395093735,0.00024198899581484977,0.038143758461602714
22,8,7,7,27.277125342782384,218.28291170716912,0.00035458946533562815,0.04504531213936895
22,12,11,11,40.21536362708118,365.4303558168779,0.0005496558784270647,0.055853477638086756
22,16,15,15,53.530593640955516,526.8731388347576,0.0006109563767502599,0.07630623788201159
23,2,1,1,8.082611608071044,48.290690793175024,5.3943956955743355e-05,0.03903738358908244
23,3,2,2,11.53702276173364,71.74640782224581,0.00012991997387264484,0.03498120139144759
23,4,3,3,14.458290815742162,101.70342036498658,0.00015722437451686977,0.042748576468333355
23,6,5,5,20.73777218041547,153.5566230153777,0.0002543236992220621,0.03656502501841634
23,8,7,7,27.19996872289564,216.52399030749694,0.00038019257603041765,0.04909885209144641
23,12,11,11,40.26321011796801,366.4394344088826,0.0005443827528478682,0.06622783681454393
23,16,15,15,53.48149684901525,526.1528833477,0.0006358100138933379,0.06973394951727153
24,2,1,1,8.523984883572304,50.55765681289452,7.032075159017496e-05,0.03788835744845402
24,3,2,2,10.66359002092215,72.60240300025659,0.00011226390863264103,0.03927267636522964
24,4,3,3,14.937236254969806,99.46802518062212,0.00017714071379368516,0.037610737499303964
24,6,5,5,21.359290722871503,155.85672469162134,0.0002680615130938775,0.04342522492579874
24,8,7,7,26.927717364113416,215.47786559351334,0.0003562921383385899,0.04217576173843185
24,12,11,11,40.90385561927643,361.6065638567519,0.000535000615221454,0.052376330332157245
24,16,15,15,52.71582677176339,523.7164277277992,0.0007019351646027582,0.0678103607101335
25,2,1,1,8.756995264115986,49.109433811433036,6.644083221417533e-05,0.030026384278153632
25,3,2,2,10.692655011945154,75.01560241408185,0.000124333435109659,0.03313535995681382
25,4,3,3,14.915634216941971,99.64680253933088,0.000150982120792951,0.044351094180287064
25,6,5,5,21.178626561018312,157.22291071599957,0.00028909095347721037,0.04126906975188266
25,8,7,7,27.499672908413988,218.2617891012877,0.00036880220728446677,0.042060697029612015
25,12,11,11,40.311042438394026,365.3068909202893,0.000601995005960999,0.05771137471278602
25,16,15,15,52.372304396806626,527.882175650737,0.0006473201630333635,0.07330489510891847
26,2,1,1,7.997477443208872,53.70669578759741,6.393570908339956e-05,0.033848532932346555
26,3,2,2,11.520496357825166,70.06720221377545,0.00011130865734172521,0.03750001135897656
26,4,3,3,15.307100186390429,96.35663186824554,0.00015748608549601332,0.03532201833201615
26,6,5,5,21.055189686270293,155.5730905911892,0.00020621591873980913,0.03424287216934275
26,8,7,7,27.080707426142784,215.7721287630996,0.0003726649659491844,0.05465663438646895
26,12,11,11,39.56360865242924,365.109325806141,0.00047541808698319774,0.0643042302920868
26,16,15,15,53.354507613026925,529.1585386790864,0.0006942435298027885,0.0634391465876235
27,2,1,1,7.899336141303459,47.39440909609141,7.700586443696355e-05,0.02917214804696881
27,3,2,2,11.432270598284102,76.09135009199699,0.00010999329154565944,0.03923329212765159
27,4,3,3,14.348153864981157,99.2299774808825,0.00015775392696434882,0.04346649606190249
27,6,5,5,21.006355292708978,159.1994050636715,0.0002696408449239676,0.042682520982639485
27,8,7,7,27.61320839020157,220.99422721002986,0.0004047083225491259,0.04804736531653743
27,12,11,11,40.00407912018829,362.16427455269024,0.0005309301490567279,0.049466550607536096
27,16,15,15,52.858117767619134,528.204739723388,0.0006941395092586342,0.05718883122067178
28,2,1,1,8.06322337929469,53.11272795335347,7.754537037963698e-05,0.030210148940590677
28,3,2,2,11.292307552391975,76.26703633754484,0.00012291874892226987,0.03432050169113219
28,4,3,3,14.569609965714518,100.82650559347103,0.0001762715936401785,0.039896934738605005
28,6,5,5,20.691184147944103,153.91088747657074,0.00025767958172887104,0.04298401685557495
28,8,7,7,27.169990869765346,215.1652619907675,0.00030432755293649543,0.04298037351163729
28,12,11,11,40.37654546375176,363.0626478874928,0.0005582016855392551,0.0695075321182204
28,16,15,15,52.38628760047489,523.2894845033379,0.0008705046426709586,0.07053232838033745
29,2,1,1,8.561919570948318,48.78685349409021,5.5931363290978955e-05,0.03668007691534502
29,3,2,2,11.6194870757496,73.2001943662997,0.00010192136598465021,0.037680088320548186
29,4,3,3,14.934700610328765,99.37351813366328,0.00013441413095488226,0.03497479212502045
29,6,5,5,20.998084301818402,153.81793720769238,0.0002557266012787331,0.039843149772388835
29,8,7,7,26.92477582044917,220.80517449586185,0.0003537550095564489,0.05139484071851104
29,12,11,11,40.02046949971258,363.48070022121686,0.0005761391548568221,0.062496996912552234
29,16,15,15,53.27386607601323,527.0209505956391,0.00062600257916042,0.0625437396160007
