seed,amplitude,C_D,relative_DCR,MDL_gain
0,0.0,19.1168168883596,1.00182263900202,10.398112279124716
0,0.002,19.2571745422465,1.0003636344581333,10.39475676654705
0,0.005,19.23915189466617,1.0010617017265269,10.340951955348144
0,0.01,19.234411720694897,1.0002791353822567,10.419401792782159
0,0.02,19.20612029868345,0.9996786330107205,10.40616078275754
0,0.035,19.213769961706866,0.9967904172592843,10.406585115075561
0,0.05,19.310356072916278,0.993678185693614,10.380682732227966
0,0.075,19.363113371400004,0.9899664032542567,10.407508369220725
0,0.1,19.500108186049548,0.9798215792559246,10.407673974285135
1,0.0,19.180452464746274,0.9989413359841846,10.437017845634086
1,0.002,19.237268784060838,0.9992849175898785,10.414379043631971
1,0.005,19.240064541212632,0.9998334671122437,10.402611183351315
1,0.01,19.216030485343822,0.998846014763683,10.374946668133619
1,0.02,19.190182993268603,0.999011341417684,10.40844698086695
1,0.035,19.295728879006116,0.994821858457937,10.36781365704994
1,0.05,19.31047828492208,0.9924518808415559,10.432012178065975
1,0.075,19.373683709897396,0.9906706282436518,10.382465466576823
1,0.1,19.52638796678607,0.9841114037700661,10.35715926836274
2,0.0,19.10577496907818,1.002591479886511,10.422394846953937
2,0.002,19.184829842586588,1.0010960809105562,10.379851286969187
2,0.005,19.182772690769333,1.001103889743923,10.471128710178546
2,0.01,19.240756110555516,0.9993318268378147,10.427212273618656
2,0.02,19.194018374314844,1.0004430432870155,10.442257691362634
2,0.035,19.293598920421967,0.9992974529869525,10.413828710029094
2,0.05,19.30563150469174,0.9954031396046762,10.363034569289383
2,0.075,19.496704076998704,0.9892281393756223,10.4199183897069
2,0.1,19.576607003227892,0.982850336335525,10.366718480507116
3,0.0,19.120832175222848,0.999711908722522,10.40824431484552
3,0.002,19.31572634563017,1.0028910925686154,10.415324307083619
3,0.005,19.27321892011419,1.0032740263218072,10.411489057364914
3,0.01,19.289577834754937,1.0005010246573374,10.433530948994173
3,0.02,19.238802465904435,0.997911318916143,10.438258276880765
3,0.035,19.227033274666198,0.999167101523523,10.427143217906382
3,0.05,19.315386163980065,0.9920948800496083,10.41368397984341
3,0.075,19.65300992732448,0.9885051822193969,10.346604641200809
3,0.1,19.5522554967945,0.9819543214148323,10.384993354198581
4,0.0,19.257465418424882,1.0008174766831337,10.42471081120691
4,0.002,19.180988505058522,0.9990156199183164,10.399790867498638
4,0.005,19.171292956623365,1.0028849463257234,10.36011335651275
4,0.01,19.291447012022928,1.0012970696203929,10.400129466974809
4,0.02,19.209108621212568,0.998226042892671,10.404046133322911
4,0.035,19.234064583348484,0.9947386982562618,10.374141295394995
4,0.05,19.322306259355052,0.9942227967967033,10.38093514625115
4,0.075,19.253130419146796,0.98764003448249,10.389672853593511
4,0.1,19.611463107802546,0.9807870476396362,10.376006759452332
5,0.0,19.30749259236637,1.00017417078966,10.431455304224773
5,0.002,19.27429886630043,1.0016421463462513,10.418840694060755
5,0.005,19.27079871624884,1.0031975660200443,10.3299904567552
5,0.01,19.287015163917786,1.0005411351867182,10.373990564805617
5,0.02,19.269660031416887,0.9974431284074287,10.461817251566982
5,0.035,19.33626682928026,0.9970649222823197,10.407848428804119
5,0.05,19.287654630290948,0.9937878886534589,10.405395232523594
5,0.075,19.516698889121244,0.9862963567809293,10.353139947949266
5,0.1,19.66055101201731,0.9816404483389642,10.360430562318705
6,0.0,19.19850761389215,0.998180051124996,10.376479687237092
6,0.002,19.206995012170633,1.0005969385200069,10.370702342583792
6,0.005,19.27625830773675,0.9994861796942838,10.396338396143456
6,0.01,19.270573601076563,0.9992471749169709,10.392101741988714
6,0.02,19.208331324848235,0.9973275780333855,10.380905114096011
6,0.035,19.228054839204184,0.9969471106798509,10.448050296061693
6,0.05,19.467064301322054,0.9962285587168098,10.39956847153039
6,0.075,19.497167178233468,0.9896306078143433,10.428086383254099
6,0.1,19.603582506026545,0.9812001864012256,10.402731826834472
7,0.0,19.170583514550458,0.9998118439642057,10.373970744357345
7,0.002,19.16151324088116,1.0021604647475764,10.418290388099859
7,0.005,19.208644729077047,0.9996461401605098,10.462961052273348
7,0.01,19.184682576003034,1.0014735171737743,10.424183660796688
7,0.02,19.33622643643833,1.001140912934748,10.41529553885999
7,0.035,19.232368169439557,0.9980252083500943,10.466603507226935
7,0.05,19.424626358492553,0.9936424772201007,10.395891777801923
7,0.075,19.39836965255835,0.9918512854905323,10.355245092461395
7,0.1,19.451266410310755,0.9777379524021033,10.395221689876937
8,0.0,19.176165516795557,1.0028871842796168,10.395299039694859
8,0.002,19.259525177631073,1.0034319835135987,10.405941980672203
8,0.005,19.31820758975292,1.0026528456475807,10.438358230537911
8,0.01,19.227831610294203,0.9996854137278934,10.434145416723585
8,0.02,19.283775280094613,1.0035976433878762,10.384379700773149
8,0.035,19.23235890599214,0.9987639758342535,10.400646133515403
8,0.05,19.33759779934036,0.9939362896689463,10.416176119239077
8,0.075,19.309117307668348,0.9865224995636143,10.379803241271274
8,0.1,19.670590583567982,0.9823712004498232,10.355113651694763
9,0.0,19.189403861899912,1.0006058017266672,10.45629632023252
9,0.002,19.234289792861524,1.0012069712381262,10.442270743171745
9,0.005,19.187531462077366,1.0029947437127922,10.405242463713407
9,0.01,19.09095964995967,0.9977623202436677,10.42190978620348
9,0.02,19.15341913994277,1.0010817565743406,10.40366735303292
9,0.035,19.19148261588952,1.0008237267011841,10.40670994602985
9,0.05,19.293122816133224,0.9957377555616305,10.400358898667308
9,0.075,19.343884667789506,0.9900587556736902,10.405336002789653
9,0.1,19.558573129737038,0.9773349835041469,10.348549888041942
10,0.0,19.099280645995638,1.0012555832975076,10.382741071657207
10,0.002,19.2241787482868,0.9992057691302091,10.371759992746792
10,0.005,19.16203378325952,1.000332209515191,10.383051094708348
10,0.01,19.16535633186884,0.998543477427216,10.357821871510412
10,0.02,19.206682417065387,0.9984854232157518,10.348594990843928
10,0.035,19.141912940451427,0.997583022016597,10.354397480680362
10,0.05,19.267105988051068,0.9956940674811077,10.385301521126824
10,0.075,19.36516269439194,0.9898981187506934,10.37919949829669
10,0.1,19.513293891434124,0.9803017053173995,10.388370245392608
11,0.0,19.222446861253722,1.0003011241321038,10.368193042146158
11,0.002,19.195385541723592,0.9967251574351965,10.424337998687523
11,0.005,19.2488699382485,0.9989055588664365,10.414001094481197
11,0.01,19.24586475773488,1.0018013123908192,10.422558694166488
11,0.02,19.202304260972568,1.000973762353041,10.437843905822652
11,0.035,19.21992403958151,0.9974196194244238,10.424294189178626
11,0.05,19.332719201143846,0.9954537477461124,10.448841432950088
11,0.075,19.327189243539095,0.9905280737889304,10.410470826076336
11,0.1,19.438081099411345,0.9804618409588126,10.362877019326314
12,0.0,19.23629647241566,0.9983804269574423,10.380139613883241
12,0.002,19.22714742269638,0.9997266503688765,10.42795937858254
12,0.005,19.22006570309309,1.0005542281622173,10.366183545125985
12,0.01,19.23140591161043,0.9984824358641045,10.385683317351553
12,0.02,19.23861955428634,0.9980948068696903,10.378731916846812
12,0.035,19.23258449287224,0.9952392091312853,10.348371812148681
12,0.05,19.334497795507584,0.9922359281558979,10.378034833415205
12,0.075,19.259729157986097,0.9891147370680967,10.390691800321633
12,0.1,19.565194834287368,0.9814444947893782,10.490501349179839
13,0.0,19.299333236340974,1.0003037299578499,10.422100188027196
13,0.002,19.17482519545147,1.0001391905249761,10.404284994025511
13,0.005,19.301294791896485,0.9975766620591158,10.382157156705315
13,0.01,19.279233272727257,0.9988134659521897,10.363350810016083
13,0.02,19.246517514577082,0.9957513833684807,10.392546901459736
13,0.035,19.245081902383447,0.9974302188607436,10.355816701375987
13,0.05,19.283175765389107,0.9989878071358118,10.37844789301705
13,0.075,19.45413529178239,0.9909665638914518,10.435234041517154
13,0.1,19.648230042017126,0.9844486469689434,10.427800827285125
14,0.0,19.093062474741064,0.999654230155506,10.44511210193525
14,0.002,19.164680990715222,1.0013145235526004,10.41693914548235
14,0.005,19.27883898650617,1.0017387148645283,10.376437024839335
14,0.01,19.143460298238164,0.9989364647368283,10.410129517008201
14,0.02,19.169023442321453,0.9936545198110599,10.389329264550838
14,0.035,19.169261737390116,0.9952252118513842,10.426468919094527
14,0.05,19.176185071659678,0.9930064154778487,10.369599251452716
14,0.075,19.334825117783016,0.9898519513468631,10.41457663192344
14,0.1,19.700986697261996,0.9831482037001142,10.374761971663311
15,0.0,19.21496891596252,0.9975983456342312,10.388320104568622
15,0.002,19.198861894496932,0.9969566431010803,10.369960379606118
15,0.005,19.162754438326225,0.9995024500010531,10.389844979996004
15,0.01,19.261009964251244,0.9962564958367844,10.388860829429559
15,0.02,19.216446671395275,0.9968701311461952,10.357378625769266
15,0.035,19.279422790127054,0.9987637981735671,10.34575410962297
15,0.05,19.334911634999145,0.9941046682013507,10.353413404933764
15,0.075,19.46810899176046,0.9924633327668274,10.442545990829364
15,0.1,19.64673885714497,0.979196755670527,10.450966986117807
16,0.0,19.310103929190348,1.0006192840352988,10.386514538300137
16,0.002,19.24342448644446,0.9978060657671162,10.355648235634208
16,0.005,19.298978170331342,1.0001301473162096,10.386002301553694
16,0.01,19.164234330954635,0.9981837896310749,10.358333572349956
16,0.02,19.247304839378113,1.0003475701227802,10.413895431895886
16,0.035,19.310325209151284,0.9949930872799375,10.389949490216976
16,0.05,19.308890284499274,0.9922725743801516,10.385396044669783
16,0.075,19.448023119678396,0.9883459430975982,10.399705761904123
16,0.1,19.568020711623294,0.9859685948493551,10.421850493557997
17,0.0,19.218444305940068,1.0046527171564734,10.413334011230964
17,0.002,19.23984800716724,1.000869611436105,10.378846704148199
17,0.005,19.28122362531755,1.001978306328215,10.350269245571019
17,0.01,19.27062161914056,1.0012375886468545,10.47953241993016
17,0.02,19.25042523083795,0.9998410046453643,10.364214454726282
17,0.035,19.174983353359433,0.9954625997255446,10.42348415706623
17,0.05,19.385354897060864,0.9948500342255346,10.392747920599655
17,0.075,19.380189047418654,0.9858453400122185,10.376892684738586
17,0.1,19.620063576688572,0.9835186063283092,10.423894795482203
18,0.0,19.260051388922403,0.9992080809603165,10.410981323082064
18,0.002,19.21406206968334,1.0007050681414067,10.399970161094265
18,0.005,19.225347020722538,1.0005817126433962,10.437297853746621
18,0.01,19.279227184726743,1.0017027769340894,10.445060115978679
18,0.02,19.313189673498545,1.001515447788789,10.427868465113923
18,0.035,19.252935928012747,0.99910605586786,10.348133624391622
18,0.05,19.48750981449199,0.9972802536554495,10.376866253520133
18,0.075,19.432409318381186,0.9913306616289094,10.325150907213741
18,0.1,19.48916522802614,0.984301886323337,10.367378355229368
19,0.0,19.16783899173592,1.0003512556391343,10.415035823328177
19,0.002,19.154255302345398,1.0001291893393518,10.430211408446853
19,0.005,19.125040496233076,1.0000739304504056,10.4184696034636
19,0.01,19.232417562476787,0.9994640323379644,10.403611195379467
19,0.02,19.16416717475127,0.9983917370033859,10.374990324327033
19,0.035,19.213293846696597,0.9963009905149783,10.435619884445984
19,0.05,19.25419809857875,0.996261419861708,10.379699243119909
19,0.075,19.39807286988006,0.9903828069016709,10.350207929814818
19,0.1,19.52899503255057,0.9822313828584658,10.367651080819655
20,0.0,19.235322255861792,1.0001511541522516,10.429665539492254
20,0.002,19.23470248644785,1.0001819896396362,10.415249900340756
20,0.005,19.090923587160926,1.0011869642403948,10.406054834556791
20,0.01,19.3217106228433,1.002074257853374,10.37754909390523
20,0.02,19.19868242301106,1.00021044217365,10.406293094943036
20,0.035,19.271342117787103,0.9979302418590269,10.379473771277407
20,0.05,19.310044650205718,0.9950077160580144,10.353750832911349
20,0.075,19.44758682962621,0.9907873809131877,10.377509965088798
20,0.1,19.573998963241976,0.9809521259159611,10.342274444119647
21,0.0,19.235356460142047,1.0001126794841932,10.41481426357562
21,0.002,19.18280273099332,1.0004983438624107,10.465483929284506
21,0.005,19.16864885665987,1.001071657274605,10.468850810626176
21,0.01,19.15012600900105,0.9984991015220558,10.391468507192021
21,0.02,19.17321986943461,0.9985144552757069,10.395771758788449
21,0.035,19.335765979422195,0.9985967940987716,10.376969238875327
21,0.05,19.295892267213077,0.9974867923500674,10.422609476913976
21,0.075,19.435202277808237,0.9894362866105585,10.382186357041101
21,0.1,19.520879477806044,0.981564231787805,10.42093046971049
22,0.0,19.23288610133558,1.000350254287689,10.361724127322237
22,0.002,19.19056682194925,1.0006558482655168,10.359264738310257
22,0.005,19.163188123716246,1.0001789843095956,10.39837022149795
22,0.01,19.237284550418718,1.0003923656481897,10.373932482273235
22,0.02,19.28310266199382,1.000383231508171,10.392819442385996
22,0.035,19.240162339939715,0.9989392792477436,10.44237528327873
22,0.05,19.299579478373417,0.9967354642437779,10.419026669697216
22,0.075,19.3328636052901,0.9861973968227707,10.408243760902204
22,0.1,19.59396119791133,0.9800421462906497,10.375563027422535
23,0.0,19.161712830439413,0.9999659220540934,10.378908949812903
23,0.002,19.187646678774815,1.0009230098057467,10.363983983994704
23,0.005,19.191277032021578,0.9979515048872332,10.400456782638097
23,0.01,19.190401177641746,0.9973359058192766,10.39557894856544
23,0.02,19.191026868473216,0.9969899173507486,10.371423977059797
23,0.035,19.216270841663118,0.9948984462258655,10.360929922187514
23,0.05,19.315300865564737,0.9944634484310357,10.419385915397534
23,0.075,19.35292148534583,0.9926739749789653,10.379316986120264
23,0.1,19.61819028984338,0.9842634184337645,10.37922744299869
24,0.0,19.248266543912067,0.9982426170531787,10.393204363390419
24,0.002,19.217025352139007,0.998674644315709,10.42414729462303
24,0.005,19.08380157828539,1.0003532839479266,10.378532755380336
24,0.01,19.29644980855919,0.9977278776862745,10.38324902422244
24,0.02,19.306826777402765,0.9996180485397208,10.378218459904454
24,0.035,19.158288895864917,0.9984976291761067,10.399883162094048
24,0.05,19.3667740348732,0.9959172901982801,10.40260592780022
24,0.075,19.38018414950701,0.988777634652578,10.495610197068972
24,0.1,19.625248110528485,0.9788609995920858,10.38760758632903
25,0.0,19.18880074060399,1.0000987355427284,10.392678450500657
25,0.002,19.247539660242285,0.9973297802669876,10.450189301845064
25,0.005,19.24842696824332,1.0004123924037214,10.391288885969951
25,0.01,19.196661875868607,1.0000462935009165,10.417338468525939
25,0.02,19.255578824869914,1.0006307968014714,10.409420161454971
25,0.035,19.19265205616239,1.0002752011144145,10.436410597384421
25,0.05,19.2957807052426,0.9973257683252792,10.358160809498154
25,0.075,19.42385438747486,0.9919688038177592,10.37778849127695
25,0.1,19.632748137569028,0.9844897164264003,10.398581844256164
26,0.0,19.149916948396044,0.9998562317015557,10.431788706955308
26,0.002,19.120600839838414,1.0001774100351133,10.44662219016212
26,0.005,19.13583887083836,0.9979088516958243,10.432932278770007
26,0.01,19.233879228402177,0.9993560833476397,10.433824909830912
26,0.02,19.210055458126536,0.9982464160988773,10.392865966019412
26,0.035,19.227712156202976,0.9973043537100548,10.337679174687903
26,0.05,19.348330679102983,0.9927079437761149,10.383510893359338
26,0.075,19.425014349910114,0.9878751846379135,10.352091452061192
26,0.1,19.55923314301544,0.9818791014144834,10.359034466099192
27,0.0,19.129055856016784,0.998554879654376,10.444955584689165
27,0.002,19.15627417012047,0.9988613650700718,10.376260221672249
27,0.005,19.121826785404785,0.9986663010567675,10.375774054099285
27,0.01,19.151829647780648,0.9967934408505227,10.391824379405683
27,0.02,19.09408162971045,0.9975631108667865,10.364738529727488
27,0.035,19.235004868580972,0.9996821915301474,10.404961244099976
27,0.05,19.284127878310837,0.9952932537073326,10.398224446964862
27,0.075,19.36885615096371,0.9918521362870777,10.440416651993601
27,0.1,19.591081492012492,0.9859848984043634,10.456083418466076
28,0.0,19.16794154956432,1.0005480142675374,10.411695947376163
28,0.002,19.227949372427737,1.0007758727578453,10.409233230687622
28,0.005,19.190836826632,0.9995947478405757,10.474914169649578
28,0.01,19.19511782059251,1.0002045861890556,10.44392871210333
28,0.02,19.322689765213354,0.9979012496092212,10.34698190343226
28,0.035,19.28657851871871,0.9961249782826063,10.424596291429983
28,0.05,19.26228130973475,0.9941813078278091,10.402464495683754
28,0.075,19.402008255700526,0.9876915313823419,10.403496695168426
28,0.1,19.507984111655098,0.9792045910422779,10.318111049559324
29,0.0,19.21579803423549,0.9979857979429376,10.359369262077406
29,0.002,19.216037158875185,0.9970203031112849,10.377377276891643
29,0.005,19.219544914462908,0.9979215869235372,10.332371694697558
29,0.01,19.248869925657573,0.9982701181033468,10.403263761635106
29,0.02,19.274165964512775,0.9986992510788429,10.351257402530443
29,0.035,19.2271143435291,0.9991738629690855,10.423483871304565
29,0.05,19.286115348046344,0.9966739749784713,10.363293898935959
29,0.075,19.418881687247723,0.9910749461463557,10.410412798893228
29,0.1,19.688266875447802,0.9827990662417968,10.420433946111205
