seed,dimension,actions,C_V,C_D,DCR,C_B,C_R,F,C_top
0,2,4,4.0,20.188087774294672,0.1981366459627329,3.0,4.0,1.0,8.0
0,4,4,16.0,20.188087774294672,0.7925465838509316,3.0,4.0,1.0,8.0
0,6,4,64.0,20.188087774294672,3.1701863354037263,3.0,4.0,1.0,8.0
0,8,4,256.0,20.188087774294672,12.680745341614905,3.0,4.0,1.0,8.0
0,10,4,1024.0,20.188087774294672,50.72298136645962,3.0,4.0,1.0,8.0
0,12,4,4096.0,20.188087774294672,202.89192546583848,3.0,4.0,1.0,8.0
0,14,4,16384.0,20.188087774294672,811.5677018633539,3.0,4.0,1.0,8.0
0,16,4,65536.0,20.188087774294672,3246.2708074534157,3.0,4.0,1.0,8.0
1,2,4,4.0,20.188087774294672,0.1981366459627329,3.0,4.0,1.0,8.0
1,4,4,16.0,20.188087774294672,0.7925465838509316,3.0,4.0,1.0,8.0
1,6,4,64.0,20.188087774294672,3.1701863354037263,3.0,4.0,1.0,8.0
1,8,4,256.0,20.188087774294672,12.680745341614905,3.0,4.0,1.0,8.0
1,10,4,1024.0,20.188087774294672,50.72298136645962,3.0,4.0,1.0,8.0
1,12,4,4096.0,20.188087774294672,202.89192546583848,3.0,4.0,1.0,8.0
1,14,4,16384.0,20.188087774294672,811.5677018633539,3.0,4.0,1.0,8.0
1,16,4,65536.0,20.188087774294672,3246.2708074534157,3.0,4.0,1.0,8.0
2,2,4,4.0,20.188087774294672,0.1981366459627329,3.0,4.0,1.0,8.0
2,4,4,16.0,20.188087774294672,0.7925465838509316,3.0,4.0,1.0,8.0
2,6,4,64.0,20.188087774294672,3.1701863354037263,3.0,4.0,1.0,8.0
2,8,4,256.0,20.188087774294672,12.680745341614905,3.0,4.0,1.0,8.0
2,10,4,1024.0,20.188087774294672,50.72298136645962,3.0,4.0,1.0,8.0
2,12,4,4096.0,20.188087774294672,202.89192546583848,3.0,4.0,1.0,8.0
2,14,4,16384.0,20.188087774294672,811.5677018633539,3.0,4.0,1.0,8.0
2,16,4,65536.0,20.188087774294672,3246.2708074534157,3.0,4.0,1.0,8.0
3,2,4,4.0,20.188087774294672,0.1981366459627329,3.0,4.0,1.0,8.0
3,4,4,16.0,20.188087774294672,0.7925465838509316,3.0,4.0,1.0,8.0
3,6,4,64.0,20.188087774294672,3.1701863354037263,3.0,4.0,1.0,8.0
3,8,4,256.0,20.188087774294672,12.680745341614905,3.0,4.0,1.0,8.0
3,10,4,1024.0,20.188087774294672,50.72298136645962,3.0,4.0,1.0,8.0
3,12,4,4096.0,20.188087774294672,202.89192546583848,3.0,4.0,1.0,8.0
3,14,4,16384.0,20.188087774294672,811.5677018633539,3.0,4.0,1.0,8.0
3,16,4,65536.0,20.188087774294672,3246.2708074534157,3.0,4.0,1.0,8.0
4,2,4,4.0,20.188087774294672,0.1981366459627329,3.0,4.0,1.0,8.0
4,4,4,16.0,20.188087774294672,0.7925465838509316,3.0,4.0,1.0,8.0
4,6,4,64.0,20.188087774294672,3.1701863354037263,3.0,4.0,1.0,8.0
4,8,4,256.0,20.188087774294672,12.680745341614905,3.0,4.0,1.0,8.0
4,10,4,1024.0,20.188087774294672,50.72298136645962,3.0,4.0,1.0,8.0
4,12,4,4096.0,20.188087774294672,202.89192546583848,3.0,4.0,1.0,8.0
4,14,4,16384.0,20.188087774294672,811.5677018633539,3.0,4.0,1.0,8.0
4,16,4,65536.0,20.188087774294672,3246.2708074534157,3.0,4.0,1.0,8.0
5,2,4,4.0,20.188087774294672,0.1981366459627329,3.0,4.0,1.0,8.0
5,4,4,16.0,20.188087774294672,0.7925465838509316,3.0,4.0,1.0,8.0
5,6,4,64.0,20.188087774294672,3.1701863354037263,3.0,4.0,1.0,8.0
5,8,4,256.0,20.188087774294672,12.680745341614905,3.0,4.0,1.0,8.0
5,10,4,1024.0,20.188087774294672,50.72298136645962,3.0,4.0,1.0,8.0
5,12,4,4096.0,20.188087774294672,202.89192546583848,3.0,4.0,1.0,8.0
5,14,4,16384.0,20.188087774294672,811.5677018633539,3.0,4.0,1.0,8.0
5,16,4,65536.0,20.188087774294672,3246.2708074534157,3.0,4.0,1.0,8.0
6,2,4,4.0,20.188087774294672,0.1981366459627329,3.0,4.0,1.0,8.0
6,4,4,16.0,20.188087774294672,0.7925465838509316,3.0,4.0,1.0,8.0
6,6,4,64.0,20.188087774294672,3.1701863354037263,3.0,4.0,1.0,8.0
6,8,4,256.0,20.188087774294672,12.680745341614905,3.0,4.0,1.0,8.0
6,10,4,1024.0,20.188087774294672,50.72298136645962,3.0,4.0,1.0,8.0
6,12,4,4096.0,20.188087774294672,202.89192546583848,3.0,4.0,1.0,8.0
6,14,4,16384.0,20.188087774294672,811.5677018633539,3.0,4.0,1.0,8.0
6,16,4,65536.0,20.188087774294672,3246.2708074534157,3.0,4.0,1.0,8.0
7,2,4,4.0,20.188087774294672,0.1981366459627329,3.0,4.0,1.0,8.0
7,4,4,16.0,20.188087774294672,0.7925465838509316,3.0,4.0,1.0,8.0
7,6,4,64.0,20.188087774294672,3.1701863354037263,3.0,4.0,1.0,8.0
7,8,4,256.0,20.188087774294672,12.680745341614905,3.0,4.0,1.0,8.0
7,10,4,1024.0,20.188087774294672,50.72298136645962,3.0,4.0,1.0,8.0
7,12,4,4096.0,20.188087774294672,202.89192546583848,3.0,4.0,1.0,8.0
7,14,4,16384.0,20.188087774294672,811.5677018633539,3.0,4.0,1.0,8.0
7,16,4,65536.0,20.188087774294672,3246.2708074534157,3.0,4.0,1.0,8.0
8,2,4,4.0,20.188087774294672,0.1981366459627329,3.0,4.0,1.0,8.0
8,4,4,16.0,20.188087774294672,0.7925465838509316,3.0,4.0,1.0,8.0
8,6,4,64.0,20.188087774294672,3.1701863354037263,3.0,4.0,1.0,8.0
8,8,4,256.0,20.188087774294672,12.680745341614905,3.0,4.0,1.0,8.0
8,10,4,1024.0,20.188087774294672,50.72298136645962,3.0,4.0,1.0,8.0
8,12,4,4096.0,20.188087774294672,202.89192546583848,3.0,4.0,1.0,8.0
8,14,4,16384.0,20.188087774294672,811.5677018633539,3.0,4.0,1.0,8.0
8,16,4,65536.0,20.188087774294672,3246.2708074534157,3.0,4.0,1.0,8.0
9,2,4,4.0,20.188087774294672,0.1981366459627329,3.0,4.0,1.0,8.0
9,4,4,16.0,20.188087774294672,0.7925465838509316,3.0,4.0,1.0,8.0
9,6,4,64.0,20.188087774294672,3.1701863354037263,3.0,4.0,1.0,8.0
9,8,4,256.0,20.188087774294672,12.680745341614905,3.0,4.0,1.0,8.0
9,10,4,1024.0,20.188087774294672,50.72298136645962,3.0,4.0,1.0,8.0
9,12,4,4096.0,20.188087774294672,202.89192546583848,3.0,4.0,1.0,8.0
9,14,4,16384.0,20.188087774294672,811.5677018633539,3.0,4.0,1.0,8.0
9,16,4,65536.0,20.188087774294672,3246.2708074534157,3.0,4.0,1.0,8.0
10,2,4,4.0,20.188087774294672,0.1981366459627329,3.0,4.0,1.0,8.0
10,4,4,16.0,20.188087774294672,0.7925465838509316,3.0,4.0,1.0,8.0
10,6,4,64.0,20.188087774294672,3.1701863354037263,3.0,4.0,1.0,8.0
10,8,4,256.0,20.188087774294672,12.680745341614905,3.0,4.0,1.0,8.0
10,10,4,1024.0,20.188087774294672,50.72298136645962,3.0,4.0,1.0,8.0
10,12,4,4096.0,20.188087774294672,202.89192546583848,3.0,4.0,1.0,8.0
10,14,4,16384.0,20.188087774294672,811.5677018633539,3.0,4.0,1.0,8.0
10,16,4,65536.0,20.188087774294672,3246.2708074534157,3.0,4.0,1.0,8.0
11,2,4,4.0,20.188087774294672,0.1981366459627329,3.0,4.0,1.0,8.0
11,4,4,16.0,20.188087774294672,0.7925465838509316,3.0,4.0,1.0,8.0
11,6,4,64.0,20.188087774294672,3.1701863354037263,3.0,4.0,1.0,8.0
11,8,4,256.0,20.188087774294672,12.680745341614905,3.0,4.0,1.0,8.0
11,10,4,1024.0,20.188087774294672,50.72298136645962,3.0,4.0,1.0,8.0
11,12,4,4096.0,20.188087774294672,202.89192546583848,3.0,4.0,1.0,8.0
11,14,4,16384.0,20.188087774294672,811.5677018633539,3.0,4.0,1.0,8.0
11,16,4,65536.0,20.188087774294672,3246.2708074534157,3.0,4.0,1.0,8.0
12,2,4,4.0,20.188087774294672,0.1981366459627329,3.0,4.0,1.0,8.0
12,4,4,16.0,20.188087774294672,0.7925465838509316,3.0,4.0,1.0,8.0
12,6,4,64.0,20.188087774294672,3.1701863354037263,3.0,4.0,1.0,8.0
12,8,4,256.0,20.188087774294672,12.680745341614905,3.0,4.0,1.0,8.0
12,10,4,1024.0,20.188087774294672,50.72298136645962,3.0,4.0,1.0,8.0
12,12,4,4096.0,20.188087774294672,202.89192546583848,3.0,4.0,1.0,8.0
12,14,4,16384.0,20.188087774294672,811.5677018633539,3.0,4.0,1.0,8.0
12,16,4,65536.0,20.188087774294672,3246.2708074534157,3.0,4.0,1.0,8.0
13,2,4,4.0,20.188087774294672,0.1981366459627329,3.0,4.0,1.0,8.0
13,4,4,16.0,20.188087774294672,0.7925465838509316,3.0,4.0,1.0,8.0
13,6,4,64.0,20.188087774294672,3.1701863354037263,3.0,4.0,1.0,8.0
13,8,4,256.0,20.188087774294672,12.680745341614905,3.0,4.0,1.0,8.0
13,10,4,1024.0,20.188087774294672,50.72298136645962,3.0,4.0,1.0,8.0
13,12,4,4096.0,20.188087774294672,202.89192546583848,3.0,4.0,1.0,8.0
13,14,4,16384.0,20.188087774294672,811.5677018633539,3.0,4.0,1.0,8.0
13,16,4,65536.0,20.188087774294672,3246.2708074534157,3.0,4.0,1.0,8.0
14,2,4,4.0,20.188087774294672,0.1981366459627329,3.0,4.0,1.0,8.0
14,4,4,16.0,20.188087774294672,0.7925465838509316,3.0,4.0,1.0,8.0
14,6,4,64.0,20.188087774294672,3.1701863354037263,3.0,4.0,1.0,8.0
14,8,4,256.0,20.188087774294672,12.680745341614905,3.0,4.0,1.0,8.0
14,10,4,1024.0,20.188087774294672,50.72298136645962,3.0,4.0,1.0,8.0
14,12,4,4096.0,20.188087774294672,202.89192546583848,3.0,4.0,1.0,8.0
14,14,4,16384.0,20.188087774294672,811.5677018633539,3.0,4.0,1.0,8.0
14,16,4,65536.0,20.188087774294672,3246.2708074534157,3.0,4.0,1.0,8.0
15,2,4,4.0,20.188087774294672,0.1981366459627329,3.0,4.0,1.0,8.0
15,4,4,16.0,20.188087774294672,0.7925465838509316,3.0,4.0,1.0,8.0
15,6,4,64.0,20.188087774294672,3.1701863354037263,3.0,4.0,1.0,8.0
15,8,4,256.0,20.188087774294672,12.680745341614905,3.0,4.0,1.0,8.0
15,10,4,1024.0,20.188087774294672,50.72298136645962,3.0,4.0,1.0,8.0
15,12,4,4096.0,20.188087774294672,202.89192546583848,3.0,4.0,1.0,8.0
15,14,4,16384.0,20.188087774294672,811.5677018633539,3.0,4.0,1.0,8.0
15,16,4,65536.0,20.188087774294672,3246.2708074534157,3.0,4.0,1.0,8.0
16,2,4,4.0,20.188087774294672,0.1981366459627329,3.0,4.0,1.0,8.0
16,4,4,16.0,20.188087774294672,0.7925465838509316,3.0,4.0,1.0,8.0
16,6,4,64.0,20.188087774294672,3.1701863354037263,3.0,4.0,1.0,8.0
16,8,4,256.0,20.188087774294672,12.680745341614905,3.0,4.0,1.0,8.0
16,10,4,1024.0,20.188087774294672,50.72298136645962,3.0,4.0,1.0,8.0
16,12,4,4096.0,20.188087774294672,202.89192546583848,3.0,4.0,1.0,8.0
16,14,4,16384.0,20.188087774294672,811.5677018633539,3.0,4.0,1.0,8.0
16,16,4,65536.0,20.188087774294672,3246.2708074534157,3.0,4.0,1.0,8.0
17,2,4,4.0,20.188087774294672,0.1981366459627329,3.0,4.0,1.0,8.0
17,4,4,16.0,20.188087774294672,0.7925465838509316,3.0,4.0,1.0,8.0
17,6,4,64.0,20.188087774294672,3.1701863354037263,3.0,4.0,1.0,8.0
17,8,4,256.0,20.188087774294672,12.680745341614905,3.0,4.0,1.0,8.0
17,10,4,1024.0,20.188087774294672,50.72298136645962,3.0,4.0,1.0,8.0
17,12,4,4096.0,20.188087774294672,202.89192546583848,3.0,4.0,1.0,8.0
17,14,4,16384.0,20.188087774294672,811.5677018633539,3.0,4.0,1.0,8.0
17,16,4,65536.0,20.188087774294672,3246.2708074534157,3.0,4.0,1.0,8.0
18,2,4,4.0,20.188087774294672,0.1981366459627329,3.0,4.0,1.0,8.0
18,4,4,16.0,20.188087774294672,0.7925465838509316,3.0,4.0,1.0,8.0
18,6,4,64.0,20.188087774294672,3.1701863354037263,3.0,4.0,1.0,8.0
18,8,4,256.0,20.188087774294672,12.680745341614905,3.0,4.0,1.0,8.0
18,10,4,1024.0,20.188087774294672,50.72298136645962,3.0,4.0,1.0,8.0
18,12,4,4096.0,20.188087774294672,202.89192546583848,3.0,4.0,1.0,8.0
18,14,4,16384.0,20.188087774294672,811.5677018633539,3.0,4.0,1.0,8.0
18,16,4,65536.0,20.188087774294672,3246.2708074534157,3.0,4.0,1.0,8.0
19,2,4,4.0,20.188087774294672,0.1981366459627329,3.0,4.0,1.0,8.0
19,4,4,16.0,20.188087774294672,0.7925465838509316,3.0,4.0,1.0,8.0
19,6,4,64.0,20.188087774294672,3.1701863354037263,3.0,4.0,1.0,8.0
19,8,4,256.0,20.188087774294672,12.680745341614905,3.0,4.0,1.0,8.0
19,10,4,1024.0,20.188087774294672,50.72298136645962,3.0,4.0,1.0,8.0
19,12,4,4096.0,20.188087774294672,202.89192546583848,3.0,4.0,1.0,8.0
19,14,4,16384.0,20.188087774294672,811.5677018633539,3.0,4.0,1.0,8.0
19,16,4,65536.0,20.188087774294672,3246.2708074534157,3.0,4.0,1.0,8.0
20,2,4,4.0,20.188087774294672,0.1981366459627329,3.0,4.0,1.0,8.0
20,4,4,16.0,20.188087774294672,0.7925465838509316,3.0,4.0,1.0,8.0
20,6,4,64.0,20.188087774294672,3.1701863354037263,3.0,4.0,1.0,8.0
20,8,4,256.0,20.188087774294672,12.680745341614905,3.0,4.0,1.0,8.0
20,10,4,1024.0,20.188087774294672,50.72298136645962,3.0,4.0,1.0,8.0
20,12,4,4096.0,20.188087774294672,202.89192546583848,3.0,4.0,1.0,8.0
20,14,4,16384.0,20.188087774294672,811.5677018633539,3.0,4.0,1.0,8.0
20,16,4,65536.0,20.188087774294672,3246.2708074534157,3.0,4.0,1.0,8.0
21,2,4,4.0,20.188087774294672,0.1981366459627329,3.0,4.0,1.0,8.0
21,4,4,16.0,20.188087774294672,0.7925465838509316,3.0,4.0,1.0,8.0
21,6,4,64.0,20.188087774294672,3.1701863354037263,3.0,4.0,1.0,8.0
21,8,4,256.0,20.188087774294672,12.680745341614905,3.0,4.0,1.0,8.0
21,10,4,1024.0,20.188087774294672,50.72298136645962,3.0,4.0,1.0,8.0
21,12,4,4096.0,20.188087774294672,202.89192546583848,3.0,4.0,1.0,8.0
21,14,4,16384.0,20.188087774294672,811.5677018633539,3.0,4.0,1.0,8.0
21,16,4,65536.0,20.188087774294672,3246.2708074534157,3.0,4.0,1.0,8.0
22,2,4,4.0,20.188087774294672,0.1981366459627329,3.0,4.0,1.0,8.0
22,4,4,16.0,20.188087774294672,0.7925465838509316,3.0,4.0,1.0,8.0
22,6,4,64.0,20.188087774294672,3.1701863354037263,3.0,4.0,1.0,8.0
22,8,4,256.0,20.188087774294672,12.680745341614905,3.0,4.0,1.0,8.0
22,10,4,1024.0,20.188087774294672,50.72298136645962,3.0,4.0,1.0,8.0
22,12,4,4096.0,20.188087774294672,202.89192546583848,3.0,4.0,1.0,8.0
22,14,4,16384.0,20.188087774294672,811.5677018633539,3.0,4.0,1.0,8.0
22,16,4,65536.0,20.188087774294672,3246.2708074534157,3.0,4.0,1.0,8.0
23,2,4,4.0,20.188087774294672,0.1981366459627329,3.0,4.0,1.0,8.0
23,4,4,16.0,20.188087774294672,0.7925465838509316,3.0,4.0,1.0,8.0
23,6,4,64.0,20.188087774294672,3.1701863354037263,3.0,4.0,1.0,8.0
23,8,4,256.0,20.188087774294672,12.680745341614905,3.0,4.0,1.0,8.0
23,10,4,1024.0,20.188087774294672,50.72298136645962,3.0,4.0,1.0,8.0
23,12,4,4096.0,20.188087774294672,202.89192546583848,3.0,4.0,1.0,8.0
23,14,4,16384.0,20.188087774294672,811.5677018633539,3.0,4.0,1.0,8.0
23,16,4,65536.0,20.188087774294672,3246.2708074534157,3.0,4.0,1.0,8.0
24,2,4,4.0,20.188087774294672,0.1981366459627329,3.0,4.0,1.0,8.0
24,4,4,16.0,20.188087774294672,0.7925465838509316,3.0,4.0,1.0,8.0
24,6,4,64.0,20.188087774294672,3.1701863354037263,3.0,4.0,1.0,8.0
24,8,4,256.0,20.188087774294672,12.680745341614905,3.0,4.0,1.0,8.0
24,10,4,1024.0,20.188087774294672,50.72298136645962,3.0,4.0,1.0,8.0
24,12,4,4096.0,20.188087774294672,202.89192546583848,3.0,4.0,1.0,8.0
24,14,4,16384.0,20.188087774294672,811.5677018633539,3.0,4.0,1.0,8.0
24,16,4,65536.0,20.188087774294672,3246.2708074534157,3.0,4.0,1.0,8.0
25,2,4,4.0,20.188087774294672,0.1981366459627329,3.0,4.0,1.0,8.0
25,4,4,16.0,20.188087774294672,0.7925465838509316,3.0,4.0,1.0,8.0
25,6,4,64.0,20.188087774294672,3.1701863354037263,3.0,4.0,1.0,8.0
25,8,4,256.0,20.188087774294672,12.680745341614905,3.0,4.0,1.0,8.0
25,10,4,1024.0,20.188087774294672,50.72298136645962,3.0,4.0,1.0,8.0
25,12,4,4096.0,20.188087774294672,202.89192546583848,3.0,4.0,1.0,8.0
25,14,4,16384.0,20.188087774294672,811.5677018633539,3.0,4.0,1.0,8.0
25,16,4,65536.0,20.188087774294672,3246.2708074534157,3.0,4.0,1.0,8.0
26,2,4,4.0,20.188087774294672,0.1981366459627329,3.0,4.0,1.0,8.0
26,4,4,16.0,20.188087774294672,0.7925465838509316,3.0,4.0,1.0,8.0
26,6,4,64.0,20.188087774294672,3.1701863354037263,3.0,4.0,1.0,8.0
26,8,4,256.0,20.188087774294672,12.680745341614905,3.0,4.0,1.0,8.0
26,10,4,1024.0,20.188087774294672,50.72298136645962,3.0,4.0,1.0,8.0
26,12,4,4096.0,20.188087774294672,202.89192546583848,3.0,4.0,1.0,8.0
26,14,4,16384.0,20.188087774294672,811.5677018633539,3.0,4.0,1.0,8.0
26,16,4,65536.0,20.188087774294672,3246.2708074534157,3.0,4.0,1.0,8.0
27,2,4,4.0,20.188087774294672,0.1981366459627329,3.0,4.0,1.0,8.0
27,4,4,16.0,20.188087774294672,0.7925465838509316,3.0,4.0,1.0,8.0
27,6,4,64.0,20.188087774294672,3.1701863354037263,3.0,4.0,1.0,8.0
27,8,4,256.0,20.188087774294672,12.680745341614905,3.0,4.0,1.0,8.0
27,10,4,1024.0,20.188087774294672,50.72298136645962,3.0,4.0,1.0,8.0
27,12,4,4096.0,20.188087774294672,202.89192546583848,3.0,4.0,1.0,8.0
27,14,4,16384.0,20.188087774294672,811.5677018633539,3.0,4.0,1.0,8.0
27,16,4,65536.0,20.188087774294672,3246.2708074534157,3.0,4.0,1.0,8.0
28,2,4,4.0,20.188087774294672,0.1981366459627329,3.0,4.0,1.0,8.0
28,4,4,16.0,20.188087774294672,0.7925465838509316,3.0,4.0,1.0,8.0
28,6,4,64.0,20.188087774294672,3.1701863354037263,3.0,4.0,1.0,8.0
28,8,4,256.0,20.188087774294672,12.680745341614905,3.0,4.0,1.0,8.0
28,10,4,1024.0,20.188087774294672,50.72298136645962,3.0,4.0,1.0,8.0
28,12,4,4096.0,20.188087774294672,202.89192546583848,3.0,4.0,1.0,8.0
28,14,4,16384.0,20.188087774294672,811.5677018633539,3.0,4.0,1.0,8.0
28,16,4,65536.0,20.188087774294672,3246.2708074534157,3.0,4.0,1.0,8.0
29,2,4,4.0,20.188087774294672,0.1981366459627329,3.0,4.0,1.0,8.0
29,4,4,16.0,20.188087774294672,0.7925465838509316,3.0,4.0,1.0,8.0
29,6,4,64.0,20.188087774294672,3.1701863354037263,3.0,4.0,1.0,8.0
29,8,4,256.0,20.188087774294672,12.680745341614905,3.0,4.0,1.0,8.0
29,10,4,1024.0,20.188087774294672,50.72298136645962,3.0,4.0,1.0,8.0
29,12,4,4096.0,20.188087774294672,202.89192546583848,3.0,4.0,1.0,8.0
29,14,4,16384.0,20.188087774294672,811.5677018633539,3.0,4.0,1.0,8.0
29,16,4,65536.0,20.188087774294672,3246.2708074534157,3.0,4.0,1.0,8.0
